Individual Crypto Hacks Done by Using Malware from Darknet: Chainalysis;Blockchain News
U.K. Banks Seek Technology Updates to Hold Off New Competitors;Finanzen.net
U.S. Senate Democrats fail in bid to pass voting rights bill;Reuters
Die Zukunft des Arbeitens  Die Reise hin zur OmniExperience;Capgemini
Union Bank of the Philippines to Enhance Crypto Trading & Custody Services;Blockchain News
Baby Doge Coin continues fantastic gains: top places to buy Baby Doge Coin now;CoinJournal
NFT platform Autograph Raises $170M in Series B funding;Blockchain News
Top places to buy MXC about to break $0.01 per token after exponential growth;CoinJournal
468 SPAC II SE notiert seit heute im Regulierten Markt in Frankfurt;Deutsche B«Ùrse
Kalkulation Pricing und Ertragsteuern in der Bankpraxis;msgGillardon
Zilliqa On The Verge Of Eliminating Another Zero Will DeFi And Metapolis Flareup The Bulls?;Coinpedia
Schweizer Kantone sind Spitzenreiter im internationalen Steuerwettbewerb;investrends
The rising tide of decentralization in mass movements;forkast
Crypto clampdowns mount in Asia as authorities ponder bans;forkast
MDEX One Year Anniversary: Marching forward from the É??oldÉ?ù DeFi story into the new chapters of Metaverse NFT and DAO;The Block
Hackerangriff: Daten von 515.000 Menschen erbeutet: Schwere Cyberattacke gegen Internationales Rotes Kreuz;Handelsblatt
Regulator calls for EUWide ban on Bitcoin mining citing wastage of renewable energy;Crypto News Flash
ESMA launches a Common Supervisory Action with NCAs on valuation of UCITS and openended AIFs;European Securities and Markets Authority (ESMA)
Verordnung «¨ber Massnahmen bei Erwerbsausfall im Zusammenhang mit dem Coronavirus (Covid19) (Covid19Verordnung Erwerbsausfall);Kompetenzzentrum Amtliche Ver«Ùffentlichungen (KAV)
Real Trump Token gaining steadily: hereÉ??s where to buy Real Trump Token today;CoinJournal
«?NDERUNGSANTR«?GE 010-011 - VORSCHLAG F«?R EINE EMPFEHLUNG DES EUROP«?ISCHEN PARLAMENTS AN DEN RAT UND DIE KOMMISSION nach der Pr«¨fung von behaupteten Verst«Ù«?en gegen das Unionsrecht und Missst«œnden bei dessen Anwendung im Zusammenhang mit dem Schutz von Tieren beim Transport innerhalb und au«?erhalb der Union - B9-0057/2022(010-011)/REV1;European Parliament (EP)
Backend Developer (mfd) at Allianz Digital Health GmbH;Allianz - Job Postings
Intern (mfd) in the ACM  Allianz Customer Model in Busine...;Allianz - Job Postings
Financial Reporting Consultant (mfd)  Group Accounting &...;Allianz - Job Postings
InternWorking Student in IT Product Portfolio & Commercial...;Allianz - Job Postings
Google New Team to Shape Blockchain Venture;Blockchain News
Ternoa: Rising NFT Blockchain Releases New Launchpad for Exciting Early Stage Participation in Quality DApps;Coindoo
Touchless planning  how to get there;Capgemini
Touchless planning  retaining hearts and minds;Capgemini
Touchless planning  getting started and the benefits;Capgemini
Goodbye supply chain  hello supplyvalue network;Capgemini
Canadian restaurant grabbed huge profit amid 80% downfall in sales: Bitcoin adoption;Bitcoinik
Opera Launches First Web3 Internet Browser Built for Blockchain and Crypto;DailyCoin.com
BitMEX Launches New Ways to EARN and CONVERT Crypto;TheNewsCrypto
BitMEX Launches New Ways to EARN and CONVERT Crypto;Crypto News Flash
Around 300 US banks will offer Bitcoin trading services: Report;Bitcoinik
Bitcoin Whales Add 40000 BTC in the Last 2 Days;Finance Magnates
Mars4 Metaverse NFT Sale Raises Over $250K in a Day: The WorldÉ??s First Virtual Mars NFTs Are Selling Rapidly;News.Bitcoin.com
Singapore Shuts down all Crypto ATMs Operation following Crypto Public Ads Prohibition Imposed;Blockchain News
Cardano Price On Bullish Track ! ADA To Hit $1.64 to $1.81 in Coming Days ?;Coinpedia
WhatÉ??s Next For BTC ETH and SOL Price ? Traders Watch These Levels!;Coinpedia
The SEC has issued $2.4B in cryptorelated penalties since 2013;Cointelegraph
Crypto Traders Bullish on Polkadot (DOT) Avalanche (AVAX) and Polygon (MATIC) ! HereÉ??s Why?;Coinpedia
TA: Ethereum Plunges Can Buyers Save The Key $3K Support?;NEWSBTC
Google planning to dive in Crypto: Report;Bitcoinik
Crypto Scam Websites Attracted Millions of Indians Last Year Chainalysis Says;News.Bitcoin.com
RT nntaleb: History: in the 70s (even 80s) many closed end funds traded at yuuge discounts making it absurd to not use them i...;Peter David Schiff
RT 3PeaksTrading: Wrote up some thoughts on trading with VWAP and how I read it each day. Hope it helps!NEW POST: How to Use ...;Joe Kunkle
TA: Why Bitcoin Needs To Clear $42500 For Hopes of a Fresh Rally;NEWSBTC
Uranium Q&A with Warren Gilman  Chairman CEO & Director of Queens Road Capital;UraniumSqueeze - Reddit
ChinaÉ??s Central Bank Digital Currency Now Has 261 Million Users  $14 Billion in Digital Yuan Transactions Made;News.Bitcoin.com
HIFO: The Tax Loophole That Could Be Helping Bitcoin Investors This Tax Season;Bitcoinist
European Regulator Calls for Effective Ban on ProofofWork Crypto Mining;Finance Magnates
Liquid Index Series January 2022 Quarterly Review;Brave NewCoin
CoinEx Listing Sees $BABYDOGE Price Jump as Number of Hodlers Keeps Growing;CryptoGlobe
ASX Release 20 January 2022: Boss Energy (ASX: BOE;
Mastercard and Coinbase Partner to Make NFTs More Accessible to Everyone;News.Bitcoin.com
RT quakes99: Today Sprott issued 8000 Physical #Uranium Trust units raising $92K cash but stacked no #U3O8 for NAV of US$...;Bannermann Energy Ltd.
Singapore suspends cryptocurrency ATMs amid broader crypto crackdown;Crypto Daily
3. DKSteuersymposium: Deutsche Kreditwirtschaft diskutiert Herausforderungen der Steuerpolitik;Deutsche Kreditwirtschaft (DK)
European Markets Regulator Urges The EU To Ban ProofofWork Bitcoin Mining;Bitcoinist
SEC to push crypto exchanges into the regulated space in 2022;Cryptopolitan
ETP listings with cryptocurrency as underlyings continues to proliferate;Swiss stock exchange (SIX)
Bergbahn Aktiengesellschaft Kitzb«¨hel muss 17 Klauseln unterlassen;Verbraucherrecht.at
Cryptocurrency Exchange Bybit Launches NFT Marketplace;CryptoPotato
Bitcoin WonÉ??t be Used For Payments Anytime Soon: Paxos CEO;CryptoPotato
21 Shares Lists WorldÉ??s First Cosmos (ATOM) ETP;CryptoPotato
Ethereum The New Hard Money?;NEWSBTC
GEMEINSAMER ENTSCHLIESSUNGSANTRAG zu der Missachtung der Grundfreiheiten in Hongkong  RCB900672022;European Parliament (EP)
GEMEINSAMER ENTSCHLIESSUNGSANTRAG zur Situation in Kasachstan  RCB900652022;European Parliament (EP)
Cardano Dex É??RavendexÉ?ù Launches Exclusive Rave NFT Collection;ZyCrypto
The Canadian Nuclear Safety Commission has approved an amendment to the #uranium mine and mill licence for the McClean Lake Oper...;Denisom Mines Corp
Google exec says company will evolve with user merchant demand for crypto payments;The Block
How US Traders Are Dominating The Bitcoin Market;Bitcoinist
Bitcoin Implied Volatility Plummets To PreBull Market Levels: What This Means;NEWSBTC
Resoluci«¸n de 17 de noviembre de 2021 de la Biblioteca Nacional de Espa«Òa O.A. por la que se publican las cuentas anuales del ejercicio 2019 y el informe de auditor«a.;BOE - Bolet«n Oficial del Estado
Resoluci«¸n de 11 de enero de 2022 del Banco de Espa«Òa por la que se publica la relaci«¸n de participantes directos en TARGET2Banco de Espa«Òa.;BOE - Bolet«n Oficial del Estado
Anuncio de licitaci«¸n de ADIFConsejo de Administraci«¸n. Objeto: Reparaci«¸n y mejora de puentes de hormig«¸n y f«≠brica de la red administrada por ADIF. Lote 1: Zona NoroesteNorte. Lote 2: Zona NoresteEste. Lote 3: Zona CentroSur. Lote 4: Aparatos de apoyoToda la red. Expediente: 4.2128520.0078.;BOE - Bolet«n Oficial del Estado
"Anuncio de la Entidad P«ßblica Empresarial Administrador de Infraestructuras Ferroviarias (ADIF) por el que se comunica la nueva fecha de apertura de ofertas econ«¸micas del procedimiento de contrataci«¸n ""Servicios de representaci«¸n y defensa Jur«dica para la reclamaci«¸n de los da«Òos y perjuicios causados a ADIF AV y a ADIF respecto a las conductas sancionadas por la Resoluci«¸n de 14 de marzo de 2019 dictada por la Comisi«¸n Nacional de los Mercados y la Competencia. (3 Lotes)"". (Expediente: 2.2102110.0174  AV 02921).";BOE - Bolet«n Oficial del Estado
Anuncio de la Facultad de Ciencias Estudios Agroalimentarios e Inform«≠tica de la Universidad La Rioja sobre extrav«o de t«tulo universitario.;BOE - Bolet«n Oficial del Estado
9 Million Ether ($ETH) Worth $28 Billion Has Been Deposited Into Ethereum 2.0 Contract;CryptoGlobe
GEMEINSAMER ENTSCHLIESSUNGSANTRAG zur politischen Krise in Sudan  RCB900682022;European Parliament (EP)
RT Mining_EnergySA: APPLICATIONS CLOSING SOON!  Up to 20 scholarships (valued at $20000 each) are available for students hopi...;Alligator Energy Ltd.
The Many Robust Features Of The Exohood Ecosystem;ZyCrypto
SCRT Labs Launches $400 Million Fund to Bolster Privacy NetworkÉ??s Ecosystem and Application Layer;News.Bitcoin.com
Pantera CIO Believes Ethereum Will Surge 50% In Transactions;Bitcoinist
Looking for trade setups?Here are a few key setups to look out for https:t.coURXzCzCTOQ https:t.colKfhhFg1Jw;Nathan Michaud
Reports Show Government Intends To Imply Stricter Regulations On Cryptocurrency ATMs;NEWSBTC
Daily Thread  January 20 2022;UraniumSqueeze - Reddit
Dvision Network Deploys on Polygon Mainnet as Widespread Interest in Metaverse Continues;News.Bitcoin.com
Google Reportedly Exploring Options To Enable Crypto On Digital Cards;Crypto Daily
Update: IntelÉ??s BitcoinMining Chip É??BonanzaÉ?ù Bags Mining Startup As First Client;Bitcoinist
Cardanobased Stablecoin ADADAO to Hold Public Sale on KICK.IO;ZyCrypto
IndiaÉ??s PM Calls For A Common Global Approach For Tackling Crypto;NEWSBTC
Bank of Americas Quarterly Profit Rises 28%;Wallstreet Journal (WSJ)
Morgan Stanley Profit Rises 9%;Wallstreet Journal (WSJ)
About Trading Derivatives in 2022: How and Where to Do It;ZyCrypto
Gaming Leads the Way into the Metaverse  But Beware the Challenges of Web2.0;ZyCrypto
Bitcoin Flashes UltraBullish Signal Following É??First SelloffÉ?ù Wave In Current Cycle;ZyCrypto
Will This Event Send Cardano To The Bears Again? Or Will Cardano Hop Onto The Bandwagon Led By The Bulls?;Coinpedia
Cardano Is One Potential Altcoin To Count On For Investment This Year;TheNewsCrypto
Google Pay Partners With Cryptocurrency Exchanges To Accept Their Digital Cards;NEWSBTC
Tom BradyÉ??s Autograph NFT Platform Raises $170M From Andreessen Others;Decrypt
Bitcoin Dominance Increases ETHÉ??s Market Share Slides Stablecoin and Smart Contract Coins Rise;News.Bitcoin.com
NFT Marketplace LooksRare Sinks Fangs Into OpenSea With É??Vampire AttackÉ?ù;Bitcoinist
Solana NFT total sales volume crosses $1 billion;The Block
Astar Receives Its First Trusted Oracle Provider: DIA;Coinspeaker
What Happens To Miners After The Last Bitcoin Has Been Mined?  Big Reveal;ZyCrypto
RT Atomicrod: Supplydemand factors are pushing uranium prices higher.Limited investments during past several decades constrai...;enCore Energy Corp
Multicrypto platform MathWallet introduces MathDAO VC fund to accelerate web3 startups;CryptoNinjas
#Gold and #silver mining stocks are having one of their best days in years yet I dont believe CNBC has mentioned them once. Y...;Peter David Schiff
Unilever Walks Away From Glaxo ConsumerHealthcare Deal;Wallstreet Journal (WSJ)
Google Hires PayPal Executive to Expand Crypto Footprint;Decrypt
How Bitcoin Is Controlling The Ebb And Flow Of Crypto;NEWSBTC
Bitcoin Spot Volume Nose Dives To Lowest Since Summer Selloff;Bitcoinist
Intel To Unveil Energyefficient Bitcoin Mining ASIC Chips;Crypto Daily
BloombergAnalyst: Nach Aktieneinbruch um bis zu 20 Prozent kommt Bitcoin st«œrker zur«¨ck;Cointelegraph Germany
Someone keeps adjusting a monster put position in $PACB and has rung the register like a dozen times riding this thing down http...;Joe Kunkle
Ethereum Fees Drop 35% Since Last Week Average ETH Gas Fee Still Above $30 per Transfer;News.Bitcoin.com
Pancake Swap Price Prediction 2022  Will CAKE Hit $30 Soon?;TheNewsCrypto
Blockchain oracle platform API3 set to launch new solution with crypto data provider Amberdata;CryptoNinjas
Massachusetts Police Officer Among 3 Charged With Insider Trading In Kickback Scheme;InsuranceNewsNet
PEJ Launches First Wearable NFTs With Access To The Exclusive Metaverse And RealLife VIP Events;ZyCrypto
Elon Musk Cryptocurrency 2022 Tweet  Is Dogecoin a Good Investment?;InsideBitcoins
spending that $TDOC sale money from a week ago and putting it to work in $GS today. New position $GS LONG 350.00 even.Any i...;Shawn Catena
Umfrage zum Q4 vom Mining Council: BitcoinMining wird nachhaltiger;Cointelegraph Germany
How Bitcoin Could Strengthen From A 10% Correction In The Stock Market;NEWSBTC
TRON (TRX) Annual Statistics Represent an Excellent Track Record;TheNewsCrypto
B.T.E BOTLabs Launches SocialKYC;Crypto News Flash
Stocks over $2B Market Cap Over 200K SharesDay Above 200MAPE > 25 = 201 ;
decent hold here on $NVDA as we take the $252 LONG in front of $250 and take it out on the way back through VWAP a smooth $5.50...;Shawn Catena
#Uranium supply continues to tighten. BHP reports 818 tonnes of #uranium production at Olympic Dam for the second half of 2021 ...;enCore Energy Corp
RT markminervini: As promised I will be releasing a performance audit of my 2021 USIC results conducted by a wellrespected in...;Mike Minervini
Shiba Inu Ether and DOGE Are Slowly Eating Into BitcoinÉ??s MultiBillion Dollar Payments Sphere;ZyCrypto
Microsofts Activision Deal to Power Its NetflixofGaming Aspirations;Wallstreet Journal (WSJ)
Cryptocurrency Debit Cards: One Of The Best Ways to Spend Crypto;UseTheBitcoin
Brazils Center for Electric Energy Research notes the importance of increasing nuclear power generation as changes in rainfall ...;enCore Energy Corp
2022 Market Outlook from Allianz Investment Management LLC. https:t.coFQ7QgDq0lk;Allianz Life
Market prediction dApp PlotX secures $5M in seed funding;CryptoNinjas
Spellfire Oversubscribed Twice a Staggering $3.8M Raised;NEWSBTC
TRX Ranks First Ditching BTC With Highest Active Accounts!;TheNewsCrypto
No one uses #Bitcoin as a medium of exchange. When its up people wont spend it as they dont want to miss out on future gains....;Peter David Schiff
Natalie Timan our Head of Strategy Analysis and Monitoring talks about our strategy and the four outcomes weÉ??re aiming for in...;Payment Systems Regulator (PSR)
Fantom(FTM) Price EyeÉ??s at a New ATH In Next 24 Hours But Will the Market Sentiments Remain Bullish?;Coinpedia
I present the 2022 Uranium Investing Calendar;UraniumSqueeze - Reddit
UFCSchwergewichtsweltmeister will 50 Prozent seines Preisgeldes aus UFC 270 in BTC;Cointelegraph Germany
Kraken Daily Market Report for January 18 2022;Kraken Blog
eToro adds 3 new cryptocurrencies: Fetch.ai Synthetix and Ren Protocol;CoinJournal
SAVAGE signs Paul Nicklen in a deal that shows crypto can be eco-friendly;Bitcoinik
Grayscale Bitcoin Trust Hits Record Discount of 26.53%;Decrypt
Bitcoin Price Trapped Around $42k Glassnode Depicts Collision between Bulls and Bears;Coinspeaker
Bitcoin Cash Price Prediction: BCHUSD Down By 2.77%;InsideBitcoins
Last year people bought #Bitcoin speculating that investors would buy it as a hedge against #inflation. But this year as invest...;Peter David Schiff
CoinEx Lists Baby Doge Coin (BabyDoge) Price Surges 13%;TheNewsCrypto
Grayscale taps Bloomberg for Future of Finance Index launch amid ETF push;The Block
Gravity Bridge now powers crosschain transfers for CosmosEthereum ecosystems;CryptoNinjas
$SPX  a 1015% move off highs would likely open up some opportunitiesA snippet from our 2022 outlook where we closed the yea...;Joe Kunkle
Big Day For Cardano ! What Can ADA HODLERS Expect On January 20th;Coinpedia
Renowned Photographer And Videographer Paul Nicklen Joins É??SAVAGEÉ?? To Highlight The EcoFriendly Possibilities Of NFTs;Crypto Daily
Analysten warnen: Bitcoin k«Ùnnte vor Ausbruch nach oben auf 38.000 USDollar fallen;Cointelegraph Germany
Hacker steals $200000 through Multichain bug offers to return 80% to victim;The Block
BitcoinÉ??s transition to a riskoff asset will propel it to $100K in 2022 says Bloomberg analyst;Cointelegraph
UK Treasury suggests crypto investors may not fully understand what they are buying;Crypto Daily
Crypto Market To Plunge Harder In Coming Days? Bitcoin Price (BTC) to Bottom Out at $38k;Coinpedia
EU Securities Watchdog Urges Regulators To Ban ProofofWork Mining Used By Bitcoin;ZyCrypto
Cryptocurrency Value: Key Factors;NOWPayments
ECB appoints Eva Murciano S«≠nchez as Director General Human Resources;European Central Bank (ECB)
Intel to unveil Bitcoin mining ASIC  how it can solve the energy use challenge;Crypto News Flash
Congrats jessdiggs on being featured on the cover of this monthÉ??s SInow. You make us proud to be your sponsor! https:t.coWu...;Allianz Life
Global Bitcoin mining becoming more sustainable  Mining Council Report;Crypto News Flash
Most Secure SelfCustody Crypto Wallet Provider NGRAVE Raises $6 Million In Seed Funding;Crypto Daily
Top 10 Horizen (ZEN) influencers;NOWPayments
Despite Record Break Burn Why Ethereum Is Facing a Lull In Terms Of Price Action?;Coinpedia
Ertha Token Listing On Kucoin;ZyCrypto
Microsoft Prepares To Build On Metaverse With Activision Acquisition;Crypto Daily
SoFi Bakkt Bank of America Cisco: What to Watch When the Stock Market Opens Today;Wallstreet Journal (WSJ)
Crypto SelfCustody Challenger NGRAVE raises $6M seed round;Crypto News Flash
FOMO mining overnight millionaires: Inside the crypto craze in universities;Crypto News Flash
Hijacking an NFTÉ??s Media  No Coding Required;Kraken Blog
quickly out $SOFI here lets see if we can reload!!!traderTVLIVE https:t.co6D63nI3aag;Shawn Catena
Nexo Taps Bakkt for Crypto Services;Finance Magnates
10 Most Popular Cryptocurrency for 2022 Revealed;InsideBitcoins
Bitcoin Outperforms Nasdaq;TRUSTNODES
Astrology charts and technical analysis: Maren Altman is a star;Cointelegraph
Das Jahr 2021 verursachte Probleme in beispiellosem Ausma«? so das Fazit des #Allianz #Risk #Barometer 2022. Die Kombination von...;Allianz
Bitcoin (BTC) Price Prediction: BTCUSD in a Narrow Range Risks Further Decline below $41k;InsideBitcoins
Cardano ($ADA) Whale: É??Transactions per Second Should Scale to 5001000 This YearÉ??;CryptoGlobe
Ethereum Whale Buys MATIC Worth $17 Million Following EIP1559 Upgrade;DailyCoin.com
ProBit Global Onboards Top Gaming Guild Crypto Gaming United to Strengthen its Global P2E Network;CoinCheckup Blog
Hohes Risiko: Die Lieblingsaktien der Deutschen;Frankfurter Allgemeine Zeitung (FAZ)
IRA Platform iTrustCapital Raises $125M to Expand Bitcoin Retirement Options;Decrypt
Fastgrowing GameFi Startup DEA Raises $12M To Grow Its PlayMining Gaming Metaverse;Crypto Daily
Letter to CEOs;Harvard Law School
The Future of Canada is Crypto As Canadians Favour Crypto Paychecks Over Loonie Survey Reports;ZyCrypto
Law Governing AttorneyClient Privilege for Emails Hosted on Noncompany Servers;Harvard Law School
Crypto Flipsider News  Microsoft Enters the Metaverse Animoca Brands Raises $360 Million Coinbase Partners with Mastercard OpenSea Buys Dharma Labs ETH Whale Buys $17 Million MATIC Intel Mining Chip;DailyCoin.com
Coinbase and Mastercard Are Joining Forces to Make Buying NFTs More Accessible;CoinCheckup Blog
NFT Marketplace OpenSea Acquires Dharma Labs Appoints New CTO;Coinspeaker
Shar Pei The Decentralized Meme Token is Live;CryptoGlobe
~$360M Funding Pushes Animoca Valuation Over $5B;Crypto Daily
Polygon NFTs Are Exploding In Crypto Land;AirdropAlert
State Street Profit Rises on New Business Market Gains;Wallstreet Journal (WSJ)
busy morning already here:SHORT $MS $97.81SHORT $LCID $39.83  cashed some $39.32 LONG $SOFI $13.95lets see what happens...;Shawn Catena
$SBEV  SPLASH BEVERAGE SHARES RISE 47.1% IN PREMARKET TRADE;
Cryptocurrency Payments: Can DeFi Revolutionize This Growing Niche?;NOWPayments
U.S traders account for the lionÉ??s share of Bitcoin trading: Arcane Research;Crypto News Flash
Good Morning Traders PLS RETWEET  #stickynoteShould be a great day today with $LCID lockup and $SOFI getting the bank ch...;Shawn Catena
Singapore Bans Crypto ATMs UK Promises To Clamp Down on Misleading Crypto Ads;CryptoGlobe
$VVOS  VIVOS THERAPEUTICS ANNOUNCES 18X INCREASE IN SLEEP APNEA DIAGNOSTIC TESTING BY VIVOS DENTISTS USING SLEEPIMAGE TECHNOLOG...;Brendan Wickens
CELENFT Debuts CelebrityFocused NFT Platform;ZyCrypto
What is Central Bank Digital Currency (CBDC)?;ZebPay
ATVI Stock Up 25% as Microsoft Announces $69B Acquisition of Activision Blizzard;Coinspeaker
Crypto market suppressed as bond yields climb;Crypto Daily
4Chan Bitcoin Prophecy Coming True;TRUSTNODES
Want to Become a Millionaire with NFT?  Use these Platforms and be Creative!;CryptoTicker
Introducing Quick Trade;ZebPay
A $69B bet on the metaverse? Microsoft buys Activision Blizzard;Crypto News Flash
Why Is Litecoin Sinking? Will LTC Retest $120 Mark?;CryptoNewsZ
Iran Plans to Introduce National Cryptocurrency Soon;Finance Magnates
$BBIG nice unwind after the AHs blow out (likely forced some call sellers to hedge);Nathan Michaud
BitDAO Community Sponsors Chainlink Price Feeds Launch for BIT Token;CryptoNewsZ
$SOFI gets their charter and back to Dec support $13.25 area on 15min looks solid on dip. $LCID hugging 40 slightly up on locku...;Neal Roberts
$MS  Morgan Stanley Q4 EPS Tops Estimates;
Founders of Crypto Exchange BitMEX to Acquire German Bank Formed in 1754;CryptoGlobe
$BKKT  BAKKT HOLDINGS SHARES UP 11.8% PREMARKET AFTER CO SELECTED BY NEXO TO CUSTODY BITCOIN ETHEREUM ;Brendan Wickens
GARI: Powering Bharat ka Super Entertainment;ZebPay
ESMA official suggests banning Bitcoin & Ethereum mining;Bitcoinik
How does Chromia (CHR) work?;ZebPay
Drilling to date at the Dasa #Uranium Project has exceeded expectations. Results will be applied later this year to the Phase 1...;Global Atomic Corp
With Omicron Variant on the Rise FTC Orders More Marketers to Stop Falsely Claiming Their Products Can Effectively Prevent or Treat COVID19;Federal Trade Commission (FTC)
$SOFI  SOFI TECHNOLOGIES SHARES UP 19% PREMARKET AFTER CO GETS REGULATORY APPROVAL TO BECOME A NATIONAL BANK  tradertvshawn;Brendan Wickens
Milo offers to buy house on Bitcoin holdings as collateral;Bitcoinik
Realm and YDragon Join Hands to Expand Metaverse Gaming Capabilities;CryptoNewsZ
EU Regulator Calls for Ban on ProofofWork Mining Used by Bitcoin Ethereum;Decrypt
What Is IOTA?;Crypto Blog by Changelly
A customer found herself stranded in an airport at risk of not saying goodbye to her sick sister. Our team at Allianz Partners ...;Allianz Partners
Microsoft Ramps Up Its Metaverse Plans With $68.7B Acquisition of Activision Blizzard;CoinCheckup Blog
Top DeFi Tokens in Uniswap Chainlink Curve All Dip as Crypto Markets Cool;Decrypt
Mercedes to Launch NFT Collection for Its GClass;CryptoNewsZ
Ava Labs President Says Total Crypto Market Cap Will Go to $5 Trillion in 2022;CryptoGlobe
How to accept salaries in FEG;NOWPayments
Understanding The COSMOS Crypto Project  Investment Worthy in 2022?;CryptoTicker
Animoca Brands Receives $358M Boost the Gaming Firm Goes on Acquisition Rampage;Blockchain News
Chris Hemsley our Managing Director introduces our strategy in his video. He talks about:The key role our strategy will play...;Payment Systems Regulator (PSR)
Solana Ecosystem Latency Made Faster by QuickNode Infrastructure;Crypto Daily
Solana ($SOL) PointofSale;NOWPayments
Singapore crypto ATMs shut down after central bank crackdown;Cointelegraph
Ethereum Classic Fleshes Strength After 2Month Long Correction;CryptoNewsZ
Biden administration unveils plan to combat worsening US wildfires;Reuters
Top places to buy Rainbow Token the hottest new cryptocurrency;CoinJournal
Vielversprechende Anlage: So profitiert die CoinbaseAktie von volatilen KryptoKursanstiegen;Finanzen.net
Statt Apple Alphabet Tesla & Co.: Aktien aus diesen Bereichen sollten Anleger laut UBSStrategen im Blick behalten;Finanzen.net
USDC Surpasses Tether With Over 40 Billion Token Supply on ETH Network;CoinQuora
Top Best NFT Marketplace You Should Look Out For;Coindoo
How does Abracadabra Money (SPELL) work?;ZebPay
Wir putzen regelm«œ«?ig unsere Z«œhne. Warum nicht auch unser Gehirn?;Capgemini
Deutsche Brse und Guangzhou Futures Exchange starten Zusammenarbeit im Emissionshandel;Deutsche B«Ùrse
Theta is up 9% today and counting: hereÉ??s where to buy Theta now;CoinJournal
What is Bitcoin Latinum?;ZebPay
Tokens.com Corp Launches Hulk Labs Focusing on GamFi and NFT;Blockchain News
The costs and benefits of reducing the cyclicality of margin models;Bank Underground
Oil Demand to Exceed PreCovid Levels in 2022 IEA Says;Wallstreet Journal (WSJ)
CardanoÉ??s Incredible Milestones Set ADA For An Explosive Year  HereÉ??s Why;ZyCrypto
FCA confirms approach to European firms temporarily operating in the UK;Financial Conduct Authority (FCA)
FCA to strengthen financial promotions rules to protect consumers;Financial Conduct Authority (FCA)
The role of insurance in creating a sustainable world;PAConsulting
Meine Ausbildung zum Fachinformatiker f«¨r Anwendungsentwicklung;msgGillardon
PlotX Acquires $5 Million in Funding Grant Led By Polygon;TheNewsCrypto
OpenSea Acquires Crypto Wallet Dharma Labs for Undisclosed Amount;Blockchain News
Alpha Data Solutions achieves global ISO 27001 Information Security Certification;InstitutionalAssetManager
Infographic: Finance Trends for Retail and Consumer Packaged Goods;protiviti
Infographic: Finance Trends for Retail and Consumer Packaged Goods;protiviti
Fusang receives green light for US$10M equitytoken IPO;forkast
Polygon upgrade ignites token burn to make MATIC more valuable;forkast
Binance Becomes the Blockchain and Cryptocurrency IndustryÉ??s First to Join the National CyberForensics and Training Alliance (NCFTA);DailyCoin.com
Altcoins Like XMR AXS BNB Primed For A VShaped Rebound A 5X Surge In The Pipeline?;Coinpedia
Kontinuit«œt an der F«¨hrungsspitze: Der Wieslocher #Finanzdienstleister MLP_SE hat den Vertrag mit Vorstandschef Uwe Schroeder...;Versicherungswirtschaft Heute
Der Versicherungsmanager https:t.cojLrMj3fAO3 kooperiert derzeit mit 21 #Volksbank|en und #PSDBanken. Nach Informationen von...;Versicherungswirtschaft Heute
Bitcoin Kurs-Prognose: Fear & Greed Index zeigt extreme Angst;CryptoMonday
Cardano Kurs-Prognose: Warum ADA in den letzten Tagen gestiegen ist;CryptoMonday
These Catalysts May Propel BTC Price Upto $70k By Mid2022 This May Be É??InvestorsFavoriteÉ?ù BuyZone?;Coinpedia
UFC Heavyweight Champ Announces Cash App Partnership;
MSCI partners with Menai Financial Group;InstitutionalAssetManager
Morrison & Co appoints Board Director;InstitutionalAssetManager
LiquidityBook appoints Head of Global BuySide Sales;InstitutionalAssetManager
ICONÉ??s BTP Interoperability Ecosystem To Integrate Algorand;TheNewsCrypto
New York LifeÉ??s impact investment initiative commits USD50m in longterm capital to Century Housing Corporation;InstitutionalAssetManager
InvestorPortaLPro launches two new investor portal software solutions;InstitutionalAssetManager
ElektroInnovationen: Laden ohne Kabelsalat: EnBW und Wien Energie investieren in neue Technologie;Handelsblatt
Sachbearbeiter (mwd) f«¨r die Abteilung FB Tierkrankenversi...;Allianz - Job Postings
UK Regulator Cracks the Whip on Deceptive Cryptocurrency Ads;Blockchain News
Jack Dorsey Backed Cash App Integrates Bitcoin Lightning Network;TheNewsCrypto
Neues Gesch«œftsfeld: Deutsche Telekom steigt in den Markt mit CloudTelefonie ein;Handelsblatt
Blocks Cash App to Allow Free Bitcoin Transactions With Lightning Network;Blockchain News
MANA Price Prediction  Potential MANA Token BOOM of 175% soon?;CryptoTicker
Covid19 Claims a Big CruiseLine Victim;Wallstreet Journal (WSJ)
Privacy Preservation in The Blockchain Space  An Enlightening Panel Discussion;Crypto News Flash
ShibaInfinity Dog Metaverse Hits its Hard Cap in First Private Token Sale raising 500 Solana;TheNewsCrypto
Heroes of NFT Unveils its First Collectible NFT Card Game on Avalanche;TheNewsCrypto
Blockchain Fest 2022: Crypto CommunityÉ??s Yearly Event Returns;CryptoNewsZ
Financial Market Committee Chair Aksakov Joins Calls for Identification of Russian Crypto Owners;News.Bitcoin.com
Elrond Acquires Leading Crypto Payments Startup Utrust;TheNewsCrypto
Elon Musk says believe in the future is it dogecoin?;Bitcoinik
Invictus NFT Lab Blazes Trail for a New Fine Art Paradigm;News.Bitcoin.com
Bitcoin mining becomes more sustainable: Mining Councils Q4 survey;Cointelegraph
WhistleblowingRichtlinieÉ?ù: Ich wei«? was was Du nicht wei«?t;Versicherungsbote
HereÉ??s Why ADA BNB AVAX & SOL Price Are Not In Bearish Market !;Coinpedia
Fantom Price Forecast :OnChain signals bullish for FTM Price;Coinpedia
Ethereum ($ETH) Is Losing NFT Market Share to Solana ($SOL) JPMorgan Analysts Say;CryptoGlobe
MetaFans: The Future of Sports Fandoms with NFTs;NEWSBTC
Coinbases NFT Platform to Allow Purchase With Credit & Debit Cards;Blockchain News
Auditing Firms Claim Crypto.com Lost $15 Million in Incident as Users Report Suspicious Activity;News.Bitcoin.com
KOMMENTAR  Smart Valor: Eine KryptoB«Ùrse zieht nordw«œrts;Neue Z«¨richer Zeitung (NZZ)
Chinas eCNY is Growing despite Local Payment Options Lack behind;Blockchain News
RT quakes99: During last #Uranium bull market investment in exploration topped a $Billion in a single year in 2008 with global ...;Bannermann Energy Ltd.
Why Hubble Protocol Is The Hottest IDO On The Market This January;NEWSBTC
Cardano ($ADA): New Project to É??Accelerate Decentralized Application DevelopmentÉ?? Launched;CryptoGlobe
TA: Bitcoin Reaches Key Juncture Why Recovery WonÉ??t Be Easy;NEWSBTC
Microsoft to Buy Activision Blizzard for Nearly $70 Billion;New York Times (NYT)
Cyber ist TopRisiko in der Schweiz;investrends
Cybersecurity: Mit Psychologie gegen Hacker: Sosafe setzt auf spielerische Sicherheit;Handelsblatt
OpenSea Acquires Dharma Labs;Crypto Daily
SkyHigh Transaction Fees are Driving NFT Users Away from Ethereum says JPMorgan;Blockchain News
Britney Spears Fights FatherÉ??s Fee Claim Alleging Financial Misconduct;New York Times (NYT)
Will PlaytoEarn Projects Be The Ideal Investments for 5X Returns In The Bear Runs ?;Coinpedia
UK to Tighten Rules on Crypto Ads to Ensure TheyÉ??re Fair Clear Not Misleading;News.Bitcoin.com
RT quakes99: Today Sprott issued 129.1K Physical #Uranium Trust units that raised $1.5M cash  but no #U3O8 stacked for ATH...;Bannermann Energy Ltd.
Georgian citizens made to swear an oath to stop mining crypto;Cointelegraph
Coinbase Partners with Mastercard to Revolutionize NFT Purchase Experience;Finance Magnates
Bitcoin Leverage Flush Looms as 30% of Supply Underwater: Report;Decrypt
Robinhood to Wait for Regulatory Clarity Before Listing Shiba Inu ($SHIB) and Other Cryptos CFO Says;CryptoGlobe
Microsofts Activision Deal May Bring Metaverse to Enterprise Tech;Wallstreet Journal (WSJ)
Despite spiking nominal bond yields the price of #silver jumped about fifty cents an ounce today. Thats a big move on a down da...;Peter David Schiff
What to expect from US enforcement agencies in 2022;Freshfields Bruckhaus Deringer
WorkLife 2.0: Austria becomes the first EU country to impose COVID19 vaccines to all its adult population  what does this mean...;Freshfields Bruckhaus Deringer
As promised I will be releasing a performance audit of my 2021 USIC results conducted by a wellrespected independent accountin...;Mike Minervini
Binance to Launch New Cryptocurrency Exchange in Thailand After Thai SEC Filed Criminal Complaint;News.Bitcoin.com
We are pleased to announce the results of the resource definition drilling program recently completed at the Koppies project in ...;Elevate Uranium Ltd.
Ethereum NFT Badge App POAP Raises $10M to Fund Development;Decrypt
Financial Services Academy: Focusing on financial promotions;Norton Rose Fulbright
Letter to Danish Financial Supervisory Authority regarding Interpretation of the Payment Accounts Directive and Negative interes...;Norton Rose Fulbright
FCA CP222: Strengthening our financial promotion rules for high risk investments including cryptoassets;Norton Rose Fulbright
Summary of FERC Meeting Agenda for January 2022;White & Case
Crypto friendly Singapore clampdown on crypto ATM services;Cryptopolitan
Controlling Tunnelling Through Lending Arrangements;Oxford Business Law School
Singaporean GameFi Firm Raises $12M During Seed Funding Round;CoinQuora
Toko Token (TKO) Releases Whitepaper at Kripto Odyssey Summit 2021;CryptoPotato
Silvergate CapitalÉ??s Q4 Earnings Showcase Growth in Cryptocurrency Engagement;CryptoPotato
OpenSea Acquires Dharma Labs to Explore Fiat for NFTs;CryptoPotato
SURVEY: 13th Annual Cost of Compliance Survey;Reuters
Priorities for 2022  the SRBÉ??s view;Norton Rose Fulbright
CosmosBased Privacy Startup Nym Onboards Network Validators;CryptoPotato
MoroccoÉ??s Biggest Bank to Dive in Crypto by Joining RippleNet (Report);CryptoPotato
Crypto Could Contribute to BNY MellonÉ??s Revenue in 2023 Says CEO;CryptoPotato
Iranian CBI Officials Reveal CBDC Pilot Phase to Start Soon;CryptoPotato
ThirdLargest Ethereum Whale Just Spent $14 Million on These 3 Altcoins;CryptoPotato
Sirma Boshnakova l«œsst Worten Taten folgen;Allianz
Government to strengthen rules on misleading cryptocurrency adverts;Norton Rose Fulbright
The Waste and Agriculture (Legislative Functions) Regulations 2022;United Kingdom Statutory Instrument
Neue Folge Politik am Ring: Teure Wohntr«œume  Wie garantieren wir leistbares Wohnen?;Austrian Parliament
Why buy #Bitcoin in the market when you can buy all the Bitcoin you want through $GBTC for 73 cents on the dollar? If institutio...;Peter David Schiff
Spot #uranium continues to hold closing at US$45.75lb. Carnage in the equity and bond markets today appears to reflect anticip...;enCore Energy Corp
A.V. Club staff members lose their jobs after refusing a move to Los Angeles.;New York Times (NYT)
DogecoinFriendly AMC Rewards 580K Shareholders With Free NFTs;Decrypt
Bitcoin Millionaires Are Flocking To This North American Tax Haven. But What Do The Locals Think?;NEWSBTC
EU Cohesion policy: Almost É?™385.5 million from the EU Solidarity Fund to 19 countries to tackle the coronavirus health emergency;European Commission (EC)
Real Decreto 542022 de 18 de enero por el que se promueve al empleo de Teniente General del Cuerpo General del Ej«∏rcito de Tierra al General de Divisi«¸n don Alejandro Gonzalo Esc«≠mez Fern«≠ndez.;BOE - Bolet«n Oficial del Estado
Real Decreto 552022 de 18 de enero por el que se promueve al empleo de General de Divisi«¸n del Cuerpo General del Ej«∏rcito de Tierra al General de Brigada don Antonio Jes«ßs Cabrerizo Calatrava.;BOE - Bolet«n Oficial del Estado
Real Decreto 562022 de 18 de enero por el que se promueve al empleo de General de Brigada del Cuerpo General del Ej«∏rcito de Tierra al Coronel don Carlos Mar«a Castrillo LarretaAzela«n.;BOE - Bolet«n Oficial del Estado
Anuncio de licitaci«¸n de la Direcci«¸n General del Servicio P«ßblico de Empleo Estatal. Objeto: Suministro de equipos audiovisuales para el auditorio del centro de formaci«¸n Santamarca del servicio p«ßblico de empleo estatal (COE) asociado al plan de recuperaci«¸n transformaci«¸n y resiliencia de la econom«a espa«Òola. Expediente: PA 922.;BOE - Bolet«n Oficial del Estado
Resoluci«¸n de la Direcci«¸n General de Trabajo por la que se anuncia el dep«¸sito de la modificaci«¸n de los estatutos de la asociaci«¸n empresarial denominada ASOCIACI«?N DE EMPRESAS DE MARKETING OPERACIONAL en siglas AEMAR con n«ßmero de dep«¸sito 99000078 (antiguo n«ßmero de dep«¸sito 6382).;BOE - Bolet«n Oficial del Estado
FIGUEROA SOCIEDAD AGRARIA DE TRANSFORMACI«?N (S.A.T.) N∂ß SE0031.;BOE - Bolet«n Oficial del Estado
Verordnung zur Gew«œhrleistung der ITSicherheit der im Portalverbund und zur Anbindung an den Portalverbund genutzten ITKomponenten (ITSicherheitsverordnung Portalverbund  ITSiVPV);Bundesanzeiger
Anordnung zur «?bertragung beamtenrechtlicher Zust«œndigkeiten der Beauftragten der Bundesregierung f«¨r Kultur und Medien (BKMZust«œndigkeitsanordnung  BKMZustAnO);Bundesanzeiger
Verordnung des Bundesministers f«¨r Soziales Gesundheit Pflege und Konsumentenschutz mit der die Verordnung betreffend die Erhebung von Kontaktdaten durch Bef«Ùrderungsunternehmer ge«œndert wird;Rechtsinformationssystem des Bundes (RIS)
Verordnung des Bundesministers f«¨r Soziales Gesundheit Pflege und Konsumentenschutz mit der die COVID19Einreiseverordnung 2021 ge«œndert wird (12. Novelle zur COVID19Einreiseverordnung 2021);Rechtsinformationssystem des Bundes (RIS)
Verordnung des Vorstandsvorsitzenden der Telekom Austria Aktiengesellschaft «¨ber die Anpassung der Bez«¨ge und Zulagen f«¨r die gem«œ«? ∂ı 17 Abs. 1a Poststrukturgesetz (PTSG) der Telekom Austria Aktiengesellschaft zur Dienstleistung zugewiesenen Beamtinnen und Beamten (TelekomBez«¨geverordnung 2022);Rechtsinformationssystem des Bundes (RIS)
Information for New Issuers;Bundesanstalt f«¨r Finanzaufsicht (BaFin)
Most JPMorgan Clients See Bitcoin ($BTC) Surpass $60000 This Year;CryptoGlobe
Microsoft to Buy Activision Blizzard;Wallstreet Journal (WSJ)
RT quakes99: Spot #Uranium continues to hover around its 2022 high with US #Nuclear fuel brokers EvoMarkets closing at US$45....;Bannermann Energy Ltd.
Dont just analyze a trade from YOUR OWN perspective. Think about how the rest of the market may view an opportunity https:t.c...;Nathan Michaud
Trotz Missbrauchsvorw«¨rfen: Microsoft will einen Spieleanbieter kaufen und weiter ins Metaversum vorstossen;Neue Z«¨richer Zeitung (NZZ)
Heavyweight Champ Francis Ngannou Plans to É??Take Half of His UFC 270 Purse Paid in BitcoinÉ??;News.Bitcoin.com
MANY WORLDS The WorldÉ??s First Dynamic Tokenomics Dominates Market with Record Breaking 1260 BNB Presale Followed by Surging Growth on DEX;Crypto Daily
SplinterlandsÉ?? Successful É?ùChaos Legion PackÉ?ù Sale Booms with Millions of Items Sold;Coinspeaker
Polygon (MATIC) Is All Set To Double Its Price! Why Is 100% Upswing Is Inevitable?;Coinpedia
Daily Thread  January 19 2022;UraniumSqueeze - Reddit
Win up to 3000 USDT at LBank ExchangeÉ??s 100% Winning Event!;News.Bitcoin.com
OCC Conditionally Approves SoFi Bank National Association;Office of the Comptroller of the Currency (OCC)
$LOOKS only thing breaking out these days ha https:t.combAxxiWNhn;Joe Kunkle
Ethereum Price Prediction: ETHUSD Approaches $3000 Support;InsideBitcoins
Panteras new venture fund sees $1 billion in total commitments;The Block
Terra BlockchainBased INK Protocol Keeps Achieving Milestones With Its No Loss Savings Game;ZyCrypto
Goldman Sachs Profit Falls 13% as It Raises Bankers Pay;New York Times (NYT)
Bitcoin Price Prediction: BTCUSD Establishes A Low At $41287;InsideBitcoins
UFC Champ Francis Ngannou Teams With Cash App to Take Winnings in Bitcoin;Decrypt
5 Reasons Why You Should Buy Polygon;CoinJournal
Bitstamp Becomes Official Sponsor of Guild Esports Team;Finance Magnates
Ravendex On A Mission To Become The First AMM Powered DEX On Cardano;Coinspeaker
$QQQ getting near 1st target a nice weak open tomorrow could set up for bulls to take a stand... https:t.couyyOgE2diK;Joe Kunkle
MicrosoftActivision Deal Likely to Face Close Antitrust Scrutiny;Wallstreet Journal (WSJ)
Unused Bandwidth Monetization Protocol PKT Cash Lands Bittrex Listing;ZyCrypto
Blockchain Firm Animoca Brands Raises $358 Million to Enhance Web3 and the Metaverse;News.Bitcoin.com
BitMEX EARN adds support for bitcoin (BTC) with up to 6% APR;CryptoNinjas
NFT Gaming Investor Animoca Brands Valued Above $5B After $359M Raise;Decrypt
AutoSwap Integration Brings Limit Orders and Stop Losses To Trader Joe and Avalanche;ZyCrypto
Full disclosure I took this video with $BBIG longs in mind but turns out its $DWAC shorts instead  https:t.coLKUktYd1vN;Nathan Michaud
WhatÉ??s All the Hype About the Metaverse?;New York Times (NYT)
How Metaverse Miner the First InterstellarTheme Game Play to Earn;Crypto Daily
ARKK is down another 3.5% today hitting a new 52week low. CathieDWoods flagship fund is now down almost 52%. The only thing ...;Peter David Schiff
Still LONG $DWAC!!! LFG!!  https:t.co9ROirwcVz2;Shawn Catena
Downward DOGE: Descending Dogecoin Pattern Predicts Deadly Drop;NEWSBTC
Jack Dorsey and Marc Andreessens Crypto Feud Puts Web3 at Risk;New York Times (NYT)
Basin Uranium Corp. ($NCLR.C $BURCF) engages TerraLogic for proposed exploration and development work program on the Mann Lake u...;UraniumSqueeze - Reddit
Cardashift Is Building a CardanoPowered Launchpad For Sustainable Impact;Decrypt
Why Are Bitcoin Millionaires Moving to Puerto Rico?;DailyCoin.com
70% Of Bitcoin Supply Is In Profit  Why Bulls Need To Defend This Level;NEWSBTC
The Grayscale Bitcoin Trust is now at a record 27% discount to NAV. CNBC viewers who got suckered into buying $GBTC based on a ...;Peter David Schiff
The NFT InvestorÉ??s Worst Nightmare: IRS Craves For A Crackdown;NEWSBTC
Coinbase Partners With Mastercard For Its Upcoming NFT Platform;Crypto Daily
The School of Bitcoin  Teaching the next generation;Brave NewCoin
Intel Plans to Launch BitcoinMining É??Bonanza MineÉ?? Chip;Finance Magnates
Intel To Present Low Voltage Energy Efficient Bitcoin Mining Chip At Conference;NEWSBTC
If you thought you were safe in Big Banks... $JPM $GS $MS had another idea;Joe Kunkle
NFT Marketplace OpenSea Buys Ethereum Wallet Maker Dharma Labs;Decrypt
Top 3 Rebase Token Markets Shudder  Stats Show TIME OHM BTRFLY Lost Billions Since AllTime Highs;News.Bitcoin.com
HM Treasury Proposes New Legislation On Misleading Crypto Ads;Crypto Daily
Ravendex On A Mission To Become The First AMM Powered DEX On Cardano;ZyCrypto
Why Polygon Will Implement EthereumÉ??s EIP1559 Update;NEWSBTC
Street Fighter Releases Digital Collectibles on WAX Blockchain After Celebrating the 35th Anniversary;DailyCoin.com
Hopes Of XRP Getting Listed On Coinbase And Robinhood Spurred By Binance With wXRP Integration;ZyCrypto
State Street secures mandate for Raytheon Technologies CorporationÉ??s USbased DC assets;InstitutionalAssetManager
Microsoft to Acquire Activision Blizzard in $68.7 Billion Deal;Coinspeaker
FLX Distribution partners with Oasis;InstitutionalAssetManager
Bitcoin Price Back Down! Will the Next Correction bring prices to 30K?;CryptoTicker
Former procrypto CoC Brian Brooks to testify in a House hearing on the energy impacts of mining;Cointelegraph
Pareto Securities goes live with Broadridge frontoffice trading solution;InstitutionalAssetManager
Intel Set to Reveal EnergyEfficient Bitcoin Mining Chip;Decrypt
As we go through this again if you see someone talking about $MSFT April $310 calls being bought well they are clueless... ex...;Joe Kunkle
PKT Cash Unused Bandwidth Monetization Protocol Announces Bittrex Listing;CryptoGlobe
MOTION FOR A RESOLUTION on Political crisis in Sudan  B900682022;European Parliament (EP)
MOTION FOR A RESOLUTION on the situation in Kazakhstan  B900772022;European Parliament (EP)
MOTION FOR A RESOLUTION on the situation in Kazakhstan  B900772022;European Parliament (EP)
MOTION FOR A RESOLUTION on the Situation in Kazakhstan  B900652022;European Parliament (EP)
MOTION FOR A RESOLUTION on the situation in Kazakhstan  B900742022;European Parliament (EP)
MOTION FOR A RESOLUTION on the situation in Kazakhstan  B900742022;European Parliament (EP)
MOTION FOR A RESOLUTION on the Situation in Kazakhstan  B900642022;European Parliament (EP)
MOTION FOR A RESOLUTION on violations of fundamental freedoms in Hong Kong  B900762022;European Parliament (EP)
MOTION FOR A RESOLUTION on the political crisis in Sudan  B900812022;European Parliament (EP)
MOTION FOR A RESOLUTION on the political crisis in Sudan  B900812022;European Parliament (EP)
MOTION FOR A RESOLUTION on the political crisis in Sudan  B900802022;European Parliament (EP)
MOTION FOR A RESOLUTION on the situation in Kazakhstan  B900792022;European Parliament (EP)
MOTION FOR A RESOLUTION on the situation in Kazakhstan  B900722022;European Parliament (EP)
American Rapper Lil Baby On Holding Bitcoin And Ethereum Over Fiat;NEWSBTC
QANplatform Debuts First Ethereum Compatible QuantumResistant Blockchain Following Testnet Launch;ZyCrypto
Peckshield reports that Crypto.com hack netted $15 million;Crypto Daily
Interview: StellantisChef Carlos Tavares: Niemanden st«Ùrt es dass Opel jetzt Geld verdientÉ??;Handelsblatt
Early birds: U.S. legislators invested in crypto and their digital asset politics;Cointelegraph
Von wegen B«œrenmarkt: Aktueller BTCR«¨ckgang laut Analyst wie bei bisherigen BitcoinZyklen;Cointelegraph Germany
Animoca Brands Raises $358 Million in Latest Founding Round Valuation Spikes to Over $5 Billion;CoinCheckup Blog
«?NDERUNGSANTR«?GE 022-030 - VORSCHLAG F«?R EINE EMPFEHLUNG DES EUROP«?ISCHEN PARLAMENTS AN DEN RAT UND DIE KOMMISSION nach der Pr«¨fung von behaupteten Verst«Ù«?en gegen das Unionsrecht und Missst«œnden bei dessen Anwendung im Zusammenhang mit dem Schutz von Tieren beim Transport innerhalb und au«?erhalb der Union - B9-0057/2022(022-030)/REV1;European Parliament (EP)
«?NDERUNGSANTR«?GE 012-021 - VORSCHLAG F«?R EINE EMPFEHLUNG DES EUROP«?ISCHEN PARLAMENTS AN DEN RAT UND DIE KOMMISSION nach der Pr«¨fung von behaupteten Verst«Ù«?en gegen das Unionsrecht und Missst«œnden bei dessen Anwendung im Zusammenhang mit dem Schutz von Tieren beim Transport innerhalb und au«?erhalb der Union - B9-0057/2022(012-021)/REV1;European Parliament (EP)
MOTION FOR A RESOLUTION Violations of fundamental freedoms in Hong Kong  B900672022;European Parliament (EP)
MOTION FOR A RESOLUTION on violations of fundamental freedoms in Hong Kong  B900712022;European Parliament (EP)
MOTION FOR A RESOLUTION on the violations of fundamental freedoms in Hong Kong  B900732022;European Parliament (EP)
MOTION FOR A RESOLUTION on the violations of fundamental freedoms in Hong Kong  B900732022;European Parliament (EP)
MOTION FOR A RESOLUTION on violations of fundamental freedoms in Hong Kong  B900662022;European Parliament (EP)
«?NDERUNGSANTR«?GE 532-533 - BERICHT «¨ber den Vorschlag f«¨r eine Verordnung des Europ«œischen Parlaments und des Rates «¨ber einen Binnenmarkt f«¨r digitale Dienste (Gesetz «¨ber digitale Dienste) und zur «?nderung der Richtlinie 2000/31/EG - A9-0356/2021(532-533)/REV1;European Parliament (EP)
PKT Cash Unused Bandwidth Monetization Protocol Announces Bittrex Listing;Crypto News Flash
Telekommunikation: 91 Millionen Euro Maximalverg«¨tung: TelekomChef H«Ùttges soll deutliche Gehaltserh«Ùhung erhalten;Handelsblatt
PKT Cash Unused Bandwidth Monetization Protocol Announces Bittrex Listing;Bitcoinik
Blossom CapitalÉ??s Newly Launched $432 Million Fund to Focus on Crypto Startups;News.Bitcoin.com
«?NDERUNGSANTR«?GE 001-457 - BERICHT «¨ber den Vorschlag f«¨r eine Verordnung des Europ«œischen Parlaments und des Rates «¨ber einen Binnenmarkt f«¨r digitale Dienste (Gesetz «¨ber digitale Dienste) und zur «?nderung der Richtlinie 2000/31/EG - A9-0356/2021(001-457);European Parliament (EP)
CardaMart Private Sale Begins On 18th January 2022;ZyCrypto
Canada And The United States CrissCross Support For Nuclear Energys Bright Future;UraniumSqueeze - Reddit
Sports Betting Continues to Grow Thanks to Bitcoin and Cryptocurrencies;UseTheBitcoin
«?NDERUNGSANTR«?GE 517-519 - BERICHT «¨ber den Vorschlag f«¨r eine Verordnung des Europ«œischen Parlaments und des Rates «¨ber einen Binnenmarkt f«¨r digitale Dienste (Gesetz «¨ber digitale Dienste) und zur «?nderung der Richtlinie 2000/31/EG - A9-0356/2021(517-519)/REV1;European Parliament (EP)
«?NDERUNGSANTR«?GE 534-541 - BERICHT «¨ber den Vorschlag f«¨r eine Verordnung des Europ«œischen Parlaments und des Rates «¨ber einen Binnenmarkt f«¨r digitale Dienste (Gesetz «¨ber digitale Dienste) und zur «?nderung der Richtlinie 2000/31/EG - A9-0356/2021(534-541);European Parliament (EP)
«?NDERUNGSANTR«?GE 520-521 - BERICHT «¨ber den Vorschlag f«¨r eine Verordnung des Europ«œischen Parlaments und des Rates «¨ber einen Binnenmarkt f«¨r digitale Dienste (Gesetz «¨ber digitale Dienste) und zur «?nderung der Richtlinie 2000/31/EG - A9-0356/2021(520-521)/REV1;European Parliament (EP)
«?NDERUNGSANTR«?GE 547-551 - BERICHT «¨ber den Vorschlag f«¨r eine Verordnung des Europ«œischen Parlaments und des Rates «¨ber einen Binnenmarkt f«¨r digitale Dienste (Gesetz «¨ber digitale Dienste) und zur «?nderung der Richtlinie 2000/31/EG - A9-0356/2021(547-551);European Parliament (EP)
Plenardebatten  Montag 17. Januar 2022  Stra«?burg  Vorl«œufige Ausgabe;European Parliament (EP)
Microsoft Acquires Activision in Metaverse Push  Buying Enjin Next?;InsideBitcoins
Intel to give presentation on energyefficient Bonanza Mine Bitcoin ASIC next month;The Block
Credit Suisse Deutsche Bank UBS  drei europ«œische Grossbanken wechseln sich mit Pleiten Pech und Pannen ab;Neue Z«¨richer Zeitung (NZZ)
Decree allows further development at Russian ISL project;World Nuclear News
Kraken Daily Market Report for January 17 2022;Kraken Blog
A new dawn: Dusk Network Daybreak Testnet launches 1 February;Crypto Daily
Cudos and MELD Team Up for Better User Experience and Access to Cloud Mining Services;CoinCheckup Blog
Bitcoin Unmoved as England Enters the Fray While Baerbock Lands on Moscow;TRUSTNODES
The state of the cryptocurrency market  2022 predictions | Invezz;ChangeNOW_io
What is Crypto ETF and Where to Buy them?;CryptoTicker
Milo Launches First U.S. Crypto Mortgage;DailyCoin.com
«?NDERUNGSANTR«?GE 557-563 - BERICHT «¨ber den Vorschlag f«¨r eine Verordnung des Europ«œischen Parlaments und des Rates «¨ber einen Binnenmarkt f«¨r digitale Dienste (Gesetz «¨ber digitale Dienste) und zur «?nderung der Richtlinie 2000/31/EG - A9-0356/2021(557-563);European Parliament (EP)
we are still LONG $DWAC $75.25 anyone with me?#DWAC #trading #stocks;Shawn Catena
«?NDERUNGSANTR«?GE 527-531 - BERICHT «¨ber den Vorschlag f«¨r eine Verordnung des Europ«œischen Parlaments und des Rates «¨ber einen Binnenmarkt f«¨r digitale Dienste (Gesetz «¨ber digitale Dienste) und zur «?nderung der Richtlinie 2000/31/EG - A9-0356/2021(527-531);European Parliament (EP)
Belgian regulator says reactors could operate beyond 2025;World Nuclear News
$BBIG still liked the long but it felt like it would need a dip. Now in a halt and $5.60 level looms on reopen. https:t.coHnw...;Neal Roberts
«?NDERUNGSANTR«?GE 482-484 - BERICHT «¨ber den Vorschlag f«¨r eine Verordnung des Europ«œischen Parlaments und des Rates «¨ber einen Binnenmarkt f«¨r digitale Dienste (Gesetz «¨ber digitale Dienste) und zur «?nderung der Richtlinie 2000/31/EG - A9-0356/2021(482-484);European Parliament (EP)
Bitcoin minersÉ?? resilience to geopolitics  A healthy sign for the network;Cointelegraph
BlockÉ??s Cash App Integrates Lightning Network for Bitcoin Transactions;Decrypt
Michael Jordan Multicoin Back Solana NFT Firm Metaplex in $46M Round;Decrypt
Deutsche Brse Market Data + Services erweitert sein AnalyticsAngebot um Eurex Open Interest Insights;Deutsche B«Ùrse
How MELD and Cudos Are Making Mining More Profitable;Crypto Daily
We aim higher. If you do too join us as we care for tomorrow. See employment opportunities at https:t.co9AEOWH3pug and learn...;Allianz Life
PM Modi Calls For Global Uniformity In Crypto Regulations;Crypto Daily
Violent Crime Rising Costs Put South Africas Mining Industry in a Deep Hole;Wallstreet Journal (WSJ)
SplinterlandsÉ??s Successful É?ùChaos Legion PackÉ?ù Sale Booms With Millions of Items Sold;Crypto News Flash
«?NDERUNGSANTR«?GE 485-492 - BERICHT «¨ber den Vorschlag f«¨r eine Verordnung des Europ«œischen Parlaments und des Rates «¨ber einen Binnenmarkt f«¨r digitale Dienste (Gesetz «¨ber digitale Dienste) und zur «?nderung der Richtlinie 2000/31/EG - A9-0356/2021(485-492);European Parliament (EP)
one of my fav. #DayTrading stocks around $PLTRTook these longs and cashed!! traderTVLIVE https:t.co6kyNSqbqxc;Shawn Catena
Crypto.com HACK: Withdrawals Suspended! HereÉ??s what Happened;CryptoTicker
Mars4 Metaverse NFT Sells Like Hotcakes Raised More than $250K in a Day;CoinQuora
Animoca Brands Extends Its Unicorn Status with New $358M Funding;Coinspeaker
How to Buy GALA | Where How and Why;CoinStats Blog
«?NDERUNGSANTR«?GE 516-516 - BERICHT «¨ber den Vorschlag f«¨r eine Verordnung des Europ«œischen Parlaments und des Rates «¨ber einen Binnenmarkt f«¨r digitale Dienste (Gesetz «¨ber digitale Dienste) und zur «?nderung der Richtlinie 2000/31/EG - A9-0356/2021(516-516);European Parliament (EP)
«?NDERUNGSANTR«?GE 509-514 - BERICHT «¨ber den Vorschlag f«¨r eine Verordnung des Europ«œischen Parlaments und des Rates «¨ber einen Binnenmarkt f«¨r digitale Dienste (Gesetz «¨ber digitale Dienste) und zur «?nderung der Richtlinie 2000/31/EG - A9-0356/2021(509-514);European Parliament (EP)
This Bitcoiner Just Lost 26 BTC Worth Over A Million Dollars To A É??Michael Saylor GiveawayÉ?ù Scam;ZyCrypto
Mechanism Capital Launches $100M P2E Gaming Fund Hires Former App Store Manager Steve Cho to Lead It;CoinCheckup Blog
Anime Crypto: Bringing Japanese Culture to the Metaverse;Crypto Daily
QANplatform Officially Launches Quantum Attack Resistant Testnet Rewards Network Developers;CoinQuora
«?NDERUNGSANTR«?GE 458-467 - BERICHT «¨ber den Vorschlag f«¨r eine Verordnung des Europ«œischen Parlaments und des Rates «¨ber einen Binnenmarkt f«¨r digitale Dienste (Gesetz «¨ber digitale Dienste) und zur «?nderung der Richtlinie 2000/31/EG - A9-0356/2021(458-467);European Parliament (EP)
CEOÉ??s Letter on SSGA 2022 Proxy Voting Agenda;Harvard Law School
Blood in the Water: The Value of Antitakeover Provisions During Market Shocks;Harvard Law School
SEC Final Rule Declines to Apply Universal Proxy Card Mandate to Regulated Funds;Harvard Law School
Monetary Authority of Singapore (MAS) bans crypto ads in public areas;InsideBitcoins
FTX CEO Sam BankmanFried on Ethereum Rivals Solana ($SOL) and Avalanche ($AVAX);CryptoGlobe
How to Find Out if a Bitcoin Sports Betting Site Is Trustworthy;Coindoo
What Can You Expect from Bitcoin Ethereum & Cardano Price In the Next 4 to 8 Hours!;Coinpedia
QANplatform launches the worldÉ??s 1st Ethereum Compatible QuantumResistant Blockchain;Bitcoinik
 Will video kill the radio star? Digitalisation and the future of banking;European System Risk Board (ESRB)
ASC publishes report on digitalisation and the future of banking;European System Risk Board (ESRB)
NCFTA onboards crypto exchange Binance to fight against cybercrime;Cointelegraph
Noloss Prize Savings Game INK Protocol Is Off To A Strong Start On The Terra Blockchain;Crypto Daily
QANplatform Showcases Its Quantum AttackResistant Blockchain;Crypto Daily
Shanghai Stocks Rise as China Loosens Bitcoin Unmoved;TRUSTNODES
Start cloud mining today with StakeAdvisor;InsideBitcoins
Ethereum EIP1559 upgrade launches on Polygon mainnet to boost fee visibility;InsideBitcoins
Integral Clients sign off 2021 with ADV up by 17 per cent YoY;InstitutionalAssetManager
Digital transformation being pushed at faster rate by financial services firms says new Broadridge survey;InstitutionalAssetManager
A Guide To Crypto & Casino  What Does the Future Hold?;Coinpedia
Polygon (MATIC) or Cardano (ADA) ? Which Altcoin Can Rally Hard In Coming Days?;Coinpedia
Crypto.com Suspends Withdrawals Due to Unauthorized Activity. Users Claim Losses Up to $15 Million;DailyCoin.com
Aktualisierte Sanktionsmeldung;FINMA
Crypto Flipsider News  Crypto.com Suspends Withdrawals Loses $15 Million BinanceÉ??s Thai Exchange $792 Million in BNB Burnt EIP1559 Live on Polygon Spain and Singapore Crypto Ad Ban Bulgaria and U.K. Top Crypto Holding;DailyCoin.com
"EinKurs f«œllt auf unter 42.000 USDollar: Analyst erwartet immer noch ""einen Impuls nach oben";Cointelegraph Germany
Good Morning Traders PLS RETWEET #stickynoteGood morning new news here with $MSFT and $ATVI notes made before.$AMD s...;Shawn Catena
headline:*Microsoft Nears Deal to Buy Activision Sources Say WSJ $MSFT $ATVII have $MSFT on #stcikynote maybe things hav...;Shawn Catena
Older Women Face Greater Financial Hardship Rockier Road Than Men Do;InsuranceNewsNet
$ATVI  Microsoft Reportedly Nears Deal to Buy Activision Sources Say WSJ;Brendan Wickens
Kevin OÉ??Leary says he could start a Bitcoin mining operation this year;CoinJournal
Cardano foundation partners with EMURGO;Bitcoinik
Kawaii Islands Creates The Worlds First Anime Metaverse;Crypto Daily
Polygon Welcomes London Hardfork Upgrade;Crypto Daily
XRP is Still Bearish: Should You Invest in 2022?;CryptoNewsZ
Gaps down in tech as the 10yr spikes. Big tech in the crosshairs. $LCID lockup expiration tomorrow and 43.50 lower resistance in...;Neal Roberts
Crypto.com reportedly loses $15 million worth of Ethereum (ETH) to hackers;Crypto News Flash
La AEPD y el Alto Comisionado contra la Pobreza Infantil se al«an en el compromiso para cumplir con la Agenda 2030 y los ODS;Agencia Espa«Òola de Protecci«¸n de Datos
Mass payments for freelancers: why is it so good?;NOWPayments
3 Most Promising Blockchains Besides Bitcoin and Ethereum According to SBF;Decrypt
$GS  GOLDMAN SACHS  QTRLY NET REVENUES IN EQUITIES WERE $2.12 BILLION 11% LOWER DUE TO SIGNIFICANTLY LOWER NET REVENUES IN EQ...;Brendan Wickens
UK Treasury wants to remove blockchain reference from crypto definition;Cointelegraph
Publication of financial reports: Federal Office of Justice imposes disciplinary fine on SLEEPZ AG;Bundesanstalt f«¨r Finanzaufsicht (BaFin)
BitMEX confirms acquisition of German bank to launch regulated crypto products in Europe;Crypto News Flash
Financial Services Firms Going Digital At Faster Rate Broadridge Survey Finds;InsuranceNewsNet
$DNAC  PalihapitiyaÉ??s SPAC to Merge With ProKidney in $2.6 Billion Deal;Brendan Wickens
$IO  ION GEOPHYSICAL SHARES UP 49.4% PREMARKET AFTER FORBEARANCE AGREEMENTS SEES HIGHER Q4 REV ;Brendan Wickens
Announcing New Partnership with Unicrypt;CoinStats Blog
Publication of financial reports: Federal Office of Justice imposes disciplinary fine on SLEEPZ AG;Bundesanstalt f«¨r Finanzaufsicht (BaFin)
GameFi Operator Digital Entertainment Asset Closes $12 Million Seed Round;CryptoNewsZ
FTC Returns More Than $10 Million to Consumers Who Paid Hidden Fees to LendingClub;Federal Trade Commission (FTC)
Federal Trade Commission and Justice Department Seek to Strengthen Enforcement Against Illegal Mergers;Federal Trade Commission (FTC)
French fashion house Hermes sues MetaBirkin owner over trademark infringement of Birkin bags;Crypto Daily
Allianz setzt Roboter zur Schadensbearbeitung ein;Versicherungsbote
Security of $BURG Token Gets Compromised. Investors Lose $770K;CryptoNewsZ
UK ranks third globally in terms of number of Ethereum holders: Survey;Crypto News Flash
TON Founder Pavel Durov Endorses Project As It Targets Mass Adoption;Crypto Daily
Binance Removes $729M Worth of BNB From Circulation in FirstEver AutoBurn;CoinCheckup Blog
Crypto.com Suffers Hack for At Least $15M in Ethereum;Decrypt
«?NDERUNGSANTR«?GE 468-473 - BERICHT «¨ber den Vorschlag f«¨r eine Verordnung des Europ«œischen Parlaments und des Rates «¨ber einen Binnenmarkt f«¨r digitale Dienste (Gesetz «¨ber digitale Dienste) und zur «?nderung der Richtlinie 2000/31/EG - A9-0356/2021(468-473);European Parliament (EP)
Texas Arizona Have Recovered All the Jobs Lost When Covid19 Hit;Wallstreet Journal (WSJ)
BahrainBased Crypto Firm Rain Raises $110 Million in Series B Funding;Finance Magnates
Priorities for 2022  the SRBÉ??s view;Single Resolution Board (SRB)
Another midterm worry for Biden White House: probes and impeachment attempts;Reuters
ESMA issues 2021 report on accepted market practices under MAR;European Securities and Markets Authority (ESMA)
Report on the application of accepted market practices_2021;European Securities and Markets Authority (ESMA)
Crypto ATM Market Expected to Hit $1.88B by 2028 with a CAGR of 59.2%;Blockchain News
Transformation study 2022 (zeb);zeb
Pension funds and other institutional investors reduce allocations to fixed income says survey;InstitutionalAssetManager
BitcoinÉ??s price could deflate below $30000 in 2022 Invesco says;CoinJournal
«?NDERUNGSANTR«?GE 007-009 - VORSCHLAG F«?R EINE EMPFEHLUNG DES EUROP«?ISCHEN PARLAMENTS AN DEN RAT UND DIE KOMMISSION nach der Pr«¨fung von behaupteten Verst«Ù«?en gegen das Unionsrecht und Missst«œnden bei dessen Anwendung im Zusammenhang mit dem Schutz von Tieren beim Transport innerhalb und au«?erhalb der Union - B9-0057/2022(007-009);European Parliament (EP)
«?NDERUNGSANTR«?GE 010-011 - VORSCHLAG F«?R EINE EMPFEHLUNG DES EUROP«?ISCHEN PARLAMENTS AN DEN RAT UND DIE KOMMISSION nach der Pr«¨fung von behaupteten Verst«Ù«?en gegen das Unionsrecht und Missst«œnden bei dessen Anwendung im Zusammenhang mit dem Schutz von Tieren beim Transport innerhalb und au«?erhalb der Union - B9-0057/2022(010-011);European Parliament (EP)
CoinAcademy Offers the French Community a Free CryptocurrencyBased Educational Platform;CoinQuora
AMENDMENTS 517-519 - REPORT on the proposal for a regulation of the European Parliament and of the Council on a Single Market For Digital Services (Digital Services Act) and amending Directive 2000/31/EC - A9-0356/2021(517-519)/REV1;European Parliament (EP)
AMENDMENTS 022-030 - PROPOSAL FOR A EUROPEAN PARLIAMENT RECOMMENDATION TO THE COUNCIL AND THE COMMISSION following the investigation of alleged contraventions and maladministration in the application of Union law in relation to the protection of animals during transport within and outside the Union - B9-0057/2022(022-030)/REV1;European Parliament (EP)
AMENDMENTS 520-521 - REPORT on the proposal for a regulation of the European Parliament and of the Council on a Single Market For Digital Services (Digital Services Act) and amending Directive 2000/31/EC - A9-0356/2021(520-521)/REV1;European Parliament (EP)
FemaleBacked VC Blossom Capital Raises $432M to Back Startups;Blockchain News
Market highlights January 18: Cardano continues to rally oil toys with 52week high;CoinJournal
Edge Computing bei CloudAusf«œllen: Plan B f«¨r 5G;IBM
IndiaÉ??s Prime Minister Call for Global Collaboration on Crypto;CoinQuora
Die USNotenbank m«Ùchte eine Straffung der finanziellen Bedingungen herbeif«¨hren ohne dass dies zu Turbulenzen an den M«œrkten f...;Allianz Global Investors
Community policing officer  Requesting backup!;Capgemini
2022 Key Trends in the Public Sector;Capgemini
IAIS Press Release Roadmap 20222023;International Associations of Insurance Supervisors (IAIS)
DeepBlack Historical NFT Project Pays Tribute to BeepleÉ??s $69M Masterpiece;DailyCoin.com
Our Allianz Risk Barometer identifies the most important global business risks for 2022 and beyond. Download the full AGCS_Insu...;Allianz
Build An Effective Finance Strategy;Gartner
How to Organize Finance Department Structure;Gartner
Telos showing strength with impressive gain of 53% in 24 hours: where to buy Telos;CoinJournal
COO Spotlight Series;protiviti
BTFD is more than a meme  itÉ??s a revolution;forkast
The Australian Open launches on the metaverse attracting digital fans;forkast
2021 in Review: How 2021 Proved Out as an Emotional Rollercoaster Year for Crypto Investors;Coindoo
In a Race Towards $3 Will Cardano Outrun Polygon Or Fall Prey To The Bears Again?;Coinpedia
Bitcoin 2022: Was erwartet Krypto-Fans auf der Konferenz in Miami?;CryptoMonday
Kryptob«Ùrse CryptoCom schlie«?t eine Partnerschaft mit der AFL;CryptoMonday
Walmart Preps to Jump into Metaverse NFTs and Crypto;DailyCoin.com
Bitcoin heading for a price crash in 2022 says Invesco Global head;Crypto News Flash
The Bitcoin Bear Cycle is Over! Here Is When The Next BTC Price Breakout!;Coinpedia
Bybit Crypto Exchange Enables Peer-to-Peer Transactions;Coinpedia
What You Should Know About Avalanche Crypto;CryptoTicker
Burnt Finance Raises $3 Million in Funding for NFT Marketplace;CryptoNewsZ
Werkstudent (mwd) Group Taxation;Allianz - Job Postings
Cardano Price To Retest These Levels? End of Rally, or Pause Before The Next Start?;Coinpedia
Throwing Light on Bitcoin Benefits;Coindoo
Cobham  Ultra Electronics merger inquiry;Competition and Markets Authoritiy (CMA)
Crypto Exchange Bitfinex to Stop Serving Ontario Crypto Investors;Blockchain News
KuCoin Announces NFT Airdrop On First Trading Bot Anniversary;Coinpedia
Frequently Asked Questions by the Bitcoin Investors;Coindoo
9th Global Blockchain Congress by Agora Group & TDeFi on February 21st and 22nd in Dubai;CryptoNewsZ
Propy is up 47% in the last 24 hours: hereÉ??s where to buy Propy now;CoinJournal
New Web3 Merchant: Autoworld Integrates Utrust and Prices Cars in EGLD;CryptoNewsZ
Bictory Finance is the first Concordium Grantee, Tackling Reg-Defi and NFTs!;Coinspeaker
Thailand Government Disperses Confusion Surrounding Cryptocurrency Taxation;NEWSBTC
Modi Urges Global Effort to Deal with Crypto Indian Crypto Sector Remains in Uncertainty;Blockchain News
Cryptocurrency Market Cap Increased by 13% in Q4 2021;Finance Magnates
Crypto.com Reportedly Lost $15 Million in a Cyberattack;Finance Magnates
ETH 2.0 Contract Surpasses 9 Million Ethereum Worth $28 Billion;News.Bitcoin.com
nCore Games Raises $10M in Funding Ready for New Web3.0 Offerings;Blockchain News
Metaverse Avenue The Solana Based Marketing Platform Set To Transform A Billion Dollar Industry;NEWSBTC
Lucrosus Capital Launched $LUCA  Decentralized Venture Capital (DeVC);News.Bitcoin.com
Crypto Investment Products See a Drop in Weekly Outflows;Finance Magnates
Verwahrentgelt  Vom Sorgenkind zum Erfolgscase;Versicherungsbote
Bitcoin(BTC) Price and Ethereum (ETH) Price Can Surge More Than 300% in 2022, Says Analyst;Coinpedia
Cardano (ADA) founder says it is just getting started ADA surged 38%;Bitcoinik
Blossom Capital targets crypto tokens with new $432 million fund;The Block
CFPB Bans BrightSpeed Solutions and Its Former CEO for Supporting Telemarketing Scammers Targeting Older Americans;Consumer Financial Protection Bureau
Pakistani Bank Asks Customers to Avoid Conducting Crypto Transactions;News.Bitcoin.com
Indian PM urges all countries to shape cryptocurrency regulations jointly;Bitcoinik
∆?Ω∆ü¶∆üü∆?Ó∆?˚∆ü?∆ü¨∆ü?∆ü?∆ü¨∆?ßÜ?´Ç??ÑØ˝äúÅ∆?œ∆ü¸∆?Ê∆?œ∆ü?∆?˙∆ü¶∆ü¨∆?ß á™™1Ü?? M&AáÔ?Ñß?∆ÅÆ∆Å?∆Å?∆??ëêçÜ©¸á©?Ü©?;AlixPartners
Singapore Bars Crypto Service Providers for Public Ads;Blockchain News
Coin Healthcheck: Near Protocol (NEAR);DailyCoin.com
Larry FinkÉ??s Letter to CEOs Says Stakeholder Capitalism Is Not É??WokeÉ??;New York Times (NYT)
Crypto.com Signs $18m Sponsorship Deal With Australian Football League;Crypto Daily
HolyShxxt!s NFT and Future GameFi plans Shows HKs Potential;Blockchain News
Binance eyes Thailand for latest crypto exchange expansion;Cointelegraph
Binance Lands Sponsorship Deal with BrazilÉ??s Soccer League Paulist«úo Sicredi;Finance Magnates
TA: Bitcoin Key Indicators Suggest A Strengthening Case For Move Below $40K;NEWSBTC
Green Energy: In NY Bitcoin Mining Saved The Oldest Working Hydroelectric Plant;NEWSBTC
IndiaÉ??s Prime Minister Modi Calls for Global Collaboration on Crypto  Says É??We Have to Have a Similar MindsetÉ??;News.Bitcoin.com
RT quakes99: Today was Selection Day for Solactive Index tracked by Global X #Uranium#Nuclear ETF $URA. If #SPUT was added as ...;Bannermann Energy Ltd.
 https:t.coRZ5crmpGUT;Nathan Michaud
#Bitcoin has failed to live up to the hype and those institutions that put a toe in the water last year are not likely to take t...;Peter David Schiff
RT CaraRLombardo: .wsj scoop: Activist investor Macellum is renewing a push to get departmentstore chain KohlÉ??s to take actio...;Joe Kunkle
RT InvestorsLive:  FREE SCAN + VIDEO  Check out my stock watch list and detailed game plan for tomorrow https:t.colNglC...;Nathan Michaud
Cardano: Prominent Crypto Analyst Explains How to Trade $ADA as It Surges;CryptoGlobe
The AustraliaChina trade dispute: what happened and whatÉ??s next?;Freshfields Bruckhaus Deringer
Singapore Restricts Crypto Ads  Central Bank Says Crypto Trading Not Suitable for the General Public;News.Bitcoin.com
$1.7M cash raised from the issuing of 147.5K Sprott Physical #Uranium Trust units. $BMN $BNNLF https:t.coYZKgG729YV;Bannermann Energy Ltd.
4600 ETH Worth $14.6M Reportedly Stolen From CryptoCom Money Laundered via TornadoCash;CryptoPotato
Over 1.6M BNB Removed In BinanceÉ??s First Quarterly AutoBurn;CryptoPotato
Pool Re backs new research consortium tackling systemic risks;Insurance Business UK
Allianz Risk Barometer 2022;Allianz
Governance and Success in US SecuritiesBased Crowdfunding;Oxford Business Law School
Zahlreiche Klauseln von EScooterVerleiher Bird unzul«œssig;Verbraucherrecht.at
Freshfields Fintech: predictions for 2022  #2 Fintech Regulation;Freshfields Bruckhaus Deringer
Summary report  É??Targeted consultation on taking stock of the framework for supervising European capital markets banks insure...;Norton Rose Fulbright
ECB opinion on a proposal to amend the CRR with respect to resolution;Norton Rose Fulbright
IOSCO consults on measures to address risks arising from digitalisation of retail marketing and distribution;Norton Rose Fulbright
Summary of changes to the BoEÉ??s ISO 20022 migration announced;Norton Rose Fulbright
Payment fraud data trends;Norton Rose Fulbright
EBA confirms the continued application of COVID19 related reporting and disclosure requirements until further notice;Norton Rose Fulbright
Monthly Global FinTech regulatory updater;Norton Rose Fulbright
Treasury International Capital Data for November;U.S. Department of the Treasury
Developing Contractual Standards for Crypto Derivatives;International Swaps and Derivatives Association (ISDA)
VC Firm Blossom Capital Raises $432M to Invest in the Cryptocurrency Ecosystem;CryptoPotato
The Cardano Foundation Partners with EMURGO to Develop New dApps;CryptoPotato
Intel Plans Bitcoin Mining Chip Reveal At Upcoming Conference;CryptoPotato
Bukele DoesnÉ??t Care About El SalvadorÉ??s Downgraded Sovereign Debt;CryptoPotato
Animoca BrandsÉ?? Valuation Surges to $5.5 Billion With Fresh $360 Million Funding;CryptoPotato
SolanaBased Hubble Protocol Raises $10M Ahead of Mainnet Launch;CryptoPotato
Bitcoin Is Here to Stay: JPMorgan Exec;CryptoPotato
The AXL DEX: Making DeFi Comfortable;CryptoPotato
Blockchainbased insurance set to transform claims administration;Insurance Business UK
UK FCA to regulate misleading crypto ads;Cryptopolitan
The gas fees by the time I collected rewards unstaked $LOOKS and swapped to ETH looks like a CVS receipt;Joe Kunkle
Top 10 Most Popular Cryptocurrencies in 2022 So Far;CoinJournal
RollsRoyce Bentley BMW Sales Surge as Cheaper Brands Lag Behind;Wallstreet Journal (WSJ)
Altcoins Are Encroaching On BitcoinÉ??s Dominance On Digital Payments;NEWSBTC
Deep Yellow drill results from Barking Gecko North  follow up drilling to start on Jan 24th;UraniumSqueeze - Reddit
«?nderungen des Protokolls von 1998 zu dem «?bereinkommen von 1979 «¨ber weitr«œumige grenz«¨berschreitende Luftverunreinigung betreffend persistente organische Schadstoffe;Rechtsinformationssystem des Bundes (RIS)
Anuncio de formalizaci«¸n de contratos de: Direcci«¸n de la Agencia Espa«Òola de Protecci«¸n de la Salud en el Deporte. Objeto: Adquisici«¸n de materiales de repuesto y fungibles para el mantenimiento interno y an«≠lisis con los instrumentos anal«ticos marca AGILENT TECHNOLOGIES para el Laboratorio de Control del Dopaje de la AEPSAD. Expediente: 202100000134.;BOE - Bolet«n Oficial del Estado
Higher education: making EU's universities ready for the future through deeper transnational cooperation;European Commission (EC)
REACTEU: É?™136 million to support six Polish regions in the fight against the coronavirus pandemic and to support their digital and green transition;European Commission (EC)
The best Ethereum Layer 2 scaling solutions to buy right now;CoinJournal
Cardano ($ADA) Sees Transaction Volume Briefly Surpass That of Ethereum ($ETH) Ahead of DEX Launch;CryptoGlobe
 FREE SCAN + VIDEO  Check out my stock watch list and detailed game plan for tomorrow https:t.colNglCrK2rT$BBIG $DWAC ...;Nathan Michaud
25% of US Adults Plan to Start Investing in Crypto Survey Shows;News.Bitcoin.com
Bitcoin is Forming Insane Patterns. What is Waiting for BTC Price in the Next Couple of Days?;Coinpedia
Law Decoded: Firstmover advantage in a CBDC conversation Jan. 1017;Cointelegraph
$NCLR provides 2021 recap;UraniumSqueeze - Reddit
ADALend: A New Perspective On Native Cardano DeFi From the Eyes of ADALendÉ??s CEO;News.Bitcoin.com
Cardano Hits Bottom? What You Should Consider Before Rushing Into ADA;NEWSBTC
Daily Thread  January 18 2022;UraniumSqueeze - Reddit
Three Principles for Understanding Cryptocurrency;UseTheBitcoin
Fidelity Says What WeÉ??ve Been Thinking: Countries & Central Banks Will Buy BTC;NEWSBTC
Blockchain Courts and Cats That Look Like Dogs: How DAOs Wrestle With the Law;Decrypt
Bitcoin Price Prediction: BTCUSD Finally Drops Below $42000;InsideBitcoins
Elliptic is developing a new blockchain data product for institutional crypto traders;The Block
BBC Funding Frozen for 2 Years as Cabinet Minister Attacks Public Fee;New York Times (NYT)
Max Keiser: Bitcoin Will Reach $220K by End of 2022;CryptoGlobe
Litecoin Price Prediction: LTCUSD Grows 2.42% as Price Nears $155 Level;InsideBitcoins
15 Privacy Coins See DoubleDigit Weekly Gains Monero Jumps 13% Secret Gains 50%;News.Bitcoin.com
"Bitcoin weiter in enger Spanne: Analysten erwarten ""interessante Woche"" f«¨r BTC";Cointelegraph Germany
Crypto Influencers Face $300K Fines in Spains Advertising Crackdown;Decrypt
OpenSea Achieves New ATH of $3.5 Billion in ETH!;TheNewsCrypto
"Crypto.com setzt Auszahlungen wegen ""verd«œchtiger Aktivit«œten"" aus";Cointelegraph Germany
BERICHT «¨ber die vorgeschlagene Ernennung von Jan Gregor zum Mitglied des Rechnungshofs  A900022022;European Parliament (EP)
BERICHT «¨ber die vorgeschlagene Ernennung von Mihails Kozlovs zum Mitglied des Rechnungshofs  A900032022;European Parliament (EP)
METABLAZE Announce Upcoming Presale Offering of Its Unique BSCbased Utility Token;ZyCrypto
CardanoÉ??s Hoskinson Claims Gargantuan Billions In ADA Inflows Are É??Just Getting StartedÉ??  And HereÉ??s Why;ZyCrypto
BERICHT «¨ber die vorgeschlagene Ernennung von Jorg Kristijan Petroviéç zum Mitglied des Rechnungshofs  A900052022;European Parliament (EP)
Dogecoin Billy Markus Thrashes Crypto.com for Hacks!;TheNewsCrypto
BERICHT «¨ber die vorgeschlagene Ernennung von Marek Opioè?a zum Mitglied des Rechnungshofs  A900042022;European Parliament (EP)
Bitcoin Supply Shock: Only 12% Of BTC Supply Is On Exchanges Now;NEWSBTC
«?NDERUNGSANTR«?GE 156-156 - BERICHT «¨ber einen Vorschlag f«¨r eine Verordnung des Europ«œischen Parlaments und des Rates zu einer verst«œrkten Rolle der Europ«œischen Arzneimittel-Agentur bei der Krisenvorsorge und dem Krisenmanagement in Bezug auf Arzneimittel und Medizinprodukte - A9-0216/2021(156-156);European Parliament (EP)
Helium Price Prediction 2022  Will HNT Hit $60 Soon?;TheNewsCrypto
Cardano IDO LaunchPad É??CoollaunchÉ?ù Records a Buzzing Progress as It Sells Out Over 11% Of $COOL Tokens Within Days;Coinspeaker
Bitcoin Ethereum Monero Hashrates Tap Lifetime Highs  Dash ETC LTC Hashpower Lower Than Prior ATHs;News.Bitcoin.com
OHM Holders Wake Up To Blood How This OlympusDAO Whale Sank Its Price by 44%;NEWSBTC
The 5 Promising Blockchain Projects Leading The Way Forward For Decentralized Technology In 2022;NEWSBTC
«?NDERUNGSANTR«?GE 532-541 - BERICHT «¨ber den Vorschlag f«¨r eine Verordnung des Europ«œischen Parlaments und des Rates «¨ber einen Binnenmarkt f«¨r digitale Dienste (Gesetz «¨ber digitale Dienste) und zur «?nderung der Richtlinie 2000/31/EG - A9-0356/2021(532-541);European Parliament (EP)
Metaverse Avenue É?? WorldÉ??s First NFT Based Advertising Metaverse;Coinpedia
PlaceWar CoFounder Myrtle Anne Ramos Talks Gamified Internet Culture Metaverse and PlaytoEarn;News.Bitcoin.com
Crypto.com ($CRO) Partners With Australian Football League to Reach Millions of Australians;CryptoGlobe
EMPFEHLUNG F«?R EINEN BESCHLUSS keine Einw«œnde gegen die Delegierte Verordnung der Kommission zur Erg«œnzung der Verordnung (EU) 20212116 des Europ«œischen Parlaments und des Rates mit Vorschriften f«¨r die Zahlstellen und anderen Einrichtungen die Finanzverwaltung den Rechnungsabschluss Sicherheiten und die Verwendung des Euro zu erheben  B900592022;European Parliament (EP)
Bullish Times Ahead For Chainlink (LINK) Price, HereÉ??s What To Expect !;Coinpedia
$500000 Bitcoin Donation Prompts Renewed Investigation Into Capitol Hill Riot: Report;Decrypt
Kraken Daily Market Report for January 16 2022;Kraken Blog
DeFi Data Network Unmarshal Doubles Down on Solana Signs Key Advisor;CryptoGlobe
How to accept cryptocurrency if youÉ??re casino;NOWPayments
Axera Secures $126M for Semiconductor Production in New Funding Round from Meituan;Coinspeaker
Fuse Network: Streamlined Mobile Payments for Massive Crypto Adoption;ChangeNOW_io
Tonga akzeptiert BitcoinSpenden nach Tsunami;Cointelegraph Germany
Lending supply chain expertise to the India COVID relief effort;AlixPartners
ADALend Eyes Being Cardano Native Enables True Democratic Financial Solution;CoinQuora
Spain Sets New Rules to Govern Crypto Promotion∂ˇ;Coinspeaker
The Social Security Benefits Uprating Order 2022;United Kingdom Statutory Instrument
How Layer 2 Is Breathing New Life Into Legacy Blockchains & Expanding Their Reach;Crypto Daily
Crypto ATM Market Size Worth $1.88 Billion By 2028 | CAGR: 59.2%: Grand View Research Inc.;DailyCoin.com
METABLAZE Announces Phase One of Its Emerging Metaverse Ecosystem Roadmap with Token Presale;CryptoGlobe
Cryptocurrency Regulations: Why Legal Foundation is Key;CoinQuora
Walmart: Planning To Launch Cryptocurrency NFTs & Metaverse;Blockonomi
Bring your Project in Front of the Masses with the help of an IDO Launchpad;Crypto Daily
Charles Stanley appoints new CIO and Head of Research;InstitutionalAssetManager
Ethereum buyers are surging in the UK: Survey;Bitcoinik
Cardano Hits 3Week High Amid Flurry of Activity;Decrypt
Will This Event Turn Buy The Rumor Sell The News For Polygon? MATIC Price To Hit $3 This Weekend?;Coinpedia
C8 Technologies expands in Iberia with two new hires;InstitutionalAssetManager
ParallelChain: Blockchain Ecosystem With Public Mainnet & Private Networks;Blockonomi
The Social Security (Contributions) (Rates Limits and Thresholds Amendments and National Insurance Funds Payments) Regulations 2022;United Kingdom Statutory Instrument
Crypto Needs to Get Real About Compliance;Decrypt
How to Earn Passive Income While Hodling NFTs;CoinCheckup Blog
EBA publishes a Discussion Paper on its preliminary observations on selected payment fraud data under the Payment Services Directive;European Banking Authority (EBA)
$1.6 Billion Bitcoin Miner to IPO;TRUSTNODES
CardanoBased DEX SundaeSwap Announces Mainnet Launch Date ADA Jumps Over 20%;CoinCheckup Blog
Walmart files applications for the metaverse crypto & NFT;InsideBitcoins
Stacks Ecosystem Becomes #1 Web3 Project on Bitcoin;DailyCoin.com
Indonesian makes $1M out of selling NFT series on OpenSea;InsideBitcoins
Acting Comptroller of the Currency calls for collaboration in the crypto sector;InsideBitcoins
IOSCO consults on measures to address risks arising from digitalisation of retail marketing and distribution;International Organization of Securities Commissions (IOSCO)
DeFi Data Network Unmarshal Doubles Down on Solana, Signs Key Advisor;Coinspeaker
Everything You Need To Know About FRAX Shares;CryptoTicker
CoinMarketCap Lists Fake SHIB Addresses Gets Called Out;Crypto Daily
METABLAZE Announces Phase One of Its Emerging Metaverse Ecosystem Roadmap with Token Presale;Coinspeaker
DeFi Data Network Unmarshal Doubles Down on Solana Signs Key Advisor;CoinCheckup Blog
Most Hyped NFTs of 2022 You Must Check out;AirdropAlert
The First Daily Fees Sharing AMM On The Fantom Blockchain;ZyCrypto
ChingariÉ??s $GARI Token To Make Historic Debut On 6 Top Crypto Exchanges;UseTheBitcoin
ChingariÉ??s $GARI Token To Make Historic Debut On 6 Top Crypto Exchanges;Crypto News Flash
New Strategic Partner for CheersLand: Medabots;CryptoNewsZ
ChingariÉ??s $GARI Token To Make Historic Debut On 6 Top Crypto Exchanges;CoinFunda
Activision Pushes Out Dozens of Staff Over Misconduct;Wallstreet Journal (WSJ)
Cardano Enters Basho Phase: What Should We Expect from the Network Upgrade?;DailyCoin.com
Polygon (MATIC) Set to Become Deflationary with EIP 1559 Deployment;DailyCoin.com
SEC Proposes Major Rule Changes on Trading Plans and Corporate Buybacks;Harvard Law School
Mars4 Metaverse NFTs Are Selling Rapidly Over $250K Raised In A Day;ZyCrypto
The Major Sporting Events (Income Tax Exemption) (UEFA WomenÉ??s EURO 2022 Finals) Regulations 2022;United Kingdom Statutory Instrument
How This 22YearOld Indonesian Became A Millionaire In Just 5 Days By Converting Selfies Into NFTs;ZyCrypto
Banks will be sidelined by CBDCs  They will need to embrace crypto;Crypto Daily
Chingari token $GARI becomes the first crypto to list on six top exchanges at a go;ZyCrypto
"Es geht um den globalen Wettlauf um Macht und ... digitalen Darwinismus"". Global CIO Equity Virginie Maisonneuve «¨ber China ...";Allianz Global Investors
ChingariÉ??s Social Token GARI is Getting Listed on OKEx Following Exclusive IEO For South Asian Users;CoinCheckup Blog
BitcoinZahlungen gehen zur«¨ck: Andere Kryptow«œhrungen h«œufiger verwendet;Cointelegraph Germany
Tonga to accept Bitcoin donation amid volcanic shock wave;Bitcoinik
The Occupational Pension Schemes (Collective Money Purchase Schemes) Regulations 2022;United Kingdom Statutory Instrument
METABLAZE Announces Phase One of Its Emerging Metaverse Ecosystem Roadmap with Token Presale;UseTheBitcoin
METABLAZE Announces Phase One of Its Emerging Metaverse Ecosystem Roadmap with Token Presale;Crypto News Flash
METABLAZE Announces Phase One of Its Emerging Metaverse Ecosystem Roadmap with Token Presale;CoinCheckup Blog
Tesla Boost is Now Nearly Erased;
Cardano surpasses Ethereum in transaction volume ADA shoots up 13%  hereÉ??s why;Crypto News Flash
Unilever Sets Out Ambition to Expand in Health Products;Wallstreet Journal (WSJ)
B«Ùrsengang: Cheplapharm soll den Anfang machen;Frankfurter Allgemeine Zeitung (FAZ)
É??IndiaÉ??s TikTokÉ?ù Chingari lists token on six top exchanges after a $15 million Series A funding;Crypto Daily
Michael Saylor giveaway scam by impersonator strips Bitcoin investors for $1.1 million;Crypto News Flash
OlympusDAOs OHM Token Tanks 30% Amid ProfitTaking Liquidations;Decrypt
Walmart Is Entering The Metaverse;Crypto Daily
Stellar Network is the #3 Coin to Watch for the Week of January 17  January 23 2022;CoinCheckup Blog
Looking for Value  The Crypto Growth Opportunities in 2022: SafeMoon Shiba Inu Bitgert HUH Token and ApeBUSD;CryptoNewsZ
VikiCoin: Revolutionizing The Internet Marketplace With Crypto;ZyCrypto
El Salvador set to build central AmericaÉ??s first wave park the Bitcoin beach;Crypto News Flash
NFT Platform OpenSea Hits Record $3.5B in Monthly Ethereum Volume;Decrypt
Sothebys will accept crypto for largest diamond ever auctioned;Crypto Daily
USD Coin Overtakes TetherÉ??s USDT as the Largest Stablecoin on Ethereum;CoinCheckup Blog
GBP1tn of UK pension money now committed to robust net zero;InstitutionalAssetManager
The Cardano Network Welcomes the Metaverse;CryptoNewsZ
Singapore bars crypto service providers from advertising in public spaces;Cointelegraph
Top five pro tips for designing agile hybrid workplace;Capgemini
EBA confirms the continued application of COVID19 related reporting and disclosure requirements until further notice;European Banking Authority (EBA)
MetaConcert MegaFlop;ZebPay
ADA Price Prediction  Cardano Price shoots 30% in the past Week! Thank you Basho?;CryptoTicker
Why You Need to Read the FCAÉ??s Market Watch;Shield
Tory Lanez Is Releasing His NFT Collection With Decentar Labs;ZyCrypto
Biden to continue push for voting rights bill as he honors Kings legacy;Reuters
Is Crypto Following a Familiar Pattern?;Finance Magnates
FCA fines UK finance firms GBP568m in 2021 in response to surge in pandemiccharged financial crime;InstitutionalAssetManager
Best NFT Airdrops and Giveaways for February;Coindoo
Cuprum Coin Signs Listing Contracts With 3 Exchanges Market Launch In FebruaryMarch;ZyCrypto
Panteras Capital PLC: BaFin prohibits Panteras Capital PLC from offering the shares of Panteras Capital PLC to the public;Bundesanstalt f«¨r Finanzaufsicht (BaFin)
Former Thai SEC chief lays out three critical issues with crypto taxations;Cointelegraph
Request surged 24% in the last 24 hours: best places to buy Request now;CoinJournal
South Korean Movie Industry Embraces NFTs by Offering Merchandise and Collectible Tickets;Blockchain News
CBDCs and stablecoins: EY advises banks to É??prepare for whatÉ??s comingÉ??;Cointelegraph
Pandemic prompts major shift in asset allocation investment risk exposures and ESG practices;InstitutionalAssetManager
Barings appoints Real Estate Country Head  France;InstitutionalAssetManager
Top 5 Fiat Currencies That Compete With Bitcoin;CryptoTicker
Why Cardano Proves To Be The Crypto To Watch In 2022 As Transaction Volume Skyrockets;ZyCrypto
Software Provider Lukka Raises $110M in Series E at $1.3B Valuation;Blockchain News
Singapore curbs crypto marketing in digital asset crackdown;The Block
AMENDMENTS 509-514 - REPORT on the proposal for a regulation of the European Parliament and of the Council on a Single Market For Digital Services (Digital Services Act) and amending Directive 2000/31/EC - A9-0356/2021(509-514);European Parliament (EP)
MATIC And FTM Race To Power The DeFi Ecosystem! This Is Why BTC And ETH Will Underperform!;Coinpedia
Bitcoin Price Consolidates, BTC Price Predicted To Surge 30% ! HereÉ??s When;Coinpedia
AMENDMENTS 542-546 - REPORT on the proposal for a regulation of the European Parliament and of the Council on a Single Market For Digital Services (Digital Services Act) and amending Directive 2000/31/EC - A9-0356/2021(542-546);European Parliament (EP)
AMENDMENTS 527-531 - REPORT on the proposal for a regulation of the European Parliament and of the Council on a Single Market For Digital Services (Digital Services Act) and amending Directive 2000/31/EC - A9-0356/2021(527-531);European Parliament (EP)
AMENDMENTS 547-551 - REPORT on the proposal for a regulation of the European Parliament and of the Council on a Single Market For Digital Services (Digital Services Act) and amending Directive 2000/31/EC - A9-0356/2021(547-551);European Parliament (EP)
AMENDMENTS 557-563 - REPORT on the proposal for a regulation of the European Parliament and of the Council on a Single Market For Digital Services (Digital Services Act) and amending Directive 2000/31/EC - A9-0356/2021(557-563);European Parliament (EP)
AMENDMENTS 532-541 - REPORT on the proposal for a regulation of the European Parliament and of the Council on a Single Market For Digital Services (Digital Services Act) and amending Directive 2000/31/EC - A9-0356/2021(532-541);European Parliament (EP)
TA: Why Ethereum At Risk of Fresh Decline $3200 Holds The Key;NEWSBTC
Studie: Stellenanzeigen f«¨r Krypto in 1 Jahr um fast 400% gestiegen;CryptoMonday
Walmart the Latest Giant To Enter the NFT Metaverse Sector;TheNewsCrypto
Elliptic launches market intelligence unit and announces new proposition for crypto traders;InstitutionalAssetManager
5 Reasons You Should Use a Bitcoin ATM;Coinratecap
Resilience of Cryptocurrencies Expected in 2022 as AsiaPacific Market Is Believed to Remain Dominant;DailyCoin.com
AMENDMENTS 505-508 - REPORT on the proposal for a regulation of the European Parliament and of the Council on a Single Market For Digital Services (Digital Services Act) and amending Directive 2000/31/EC - A9-0356/2021(505-508);European Parliament (EP)
GG Dapp Is Disrupting the Blockchain Gaming Community;CryptoNewsZ
Transforming the retail experience with frictionless supply chain;IBM
AMENDMENTS 517-521 - REPORT on the proposal for a regulation of the European Parliament and of the Council on a Single Market For Digital Services (Digital Services Act) and amending Directive 2000/31/EC - A9-0356/2021(517-521);European Parliament (EP)
Walmart prepares for the Metaverse plans its own cryptocurrency and NFT collection;Crypto News Flash
Former Twitter CEO reconfirmed the work on a decentralized Bitcoin mining system;Bitcoinik
KonamiÉ??s Castlevania Anniversary NFT Sale Raises Over $160K;News.Bitcoin.com
BTC Hash Rate Hits a New AllTime High;Finance Magnates
N.Koreas Crypto Hacks Up by least 7 times in 2021 Nearly $400M Stolen: Chainalysis;Blockchain News
Curtis Sword Becomes the First Blockchainbased LargeScale 3D ARPG;CoinQuora
Total Fees Paid on Bitcoin Network Hit Monthly Low Hashrate Records Historic Highs;Blockchain News
Kishimoto Inu Is Set to Become the Anime Hub of the Blockchain Ecosystem With the Launch of Kishiswap 2.0;CoinQuora
Dogecoin (DOGE) Price Falls 5.5% After Brief Rise Following Musk Tweet;TheNewsCrypto
Filings revealed Walmart planning to enter in crypto & Metaverse;Bitcoinik
Fidelity Report: Countries That Become Early Bitcoin Adopters Will Be É??Better OffÉ??;CryptoGlobe
The WorldÉ??s First Decentralized Bond Market Has Arrived;NEWSBTC
SkyArk The RPG of Play And Earn Gaming;CoinQuora
GemUni Disrupts Crypto Gaming With the Decentralized NFTs Gaming Platform for Play to Earn;News.Bitcoin.com
 Bitcoin Outperforming Major Assets | This Week in Crypto  Jan 17 2022;99Bitcoins
Bitwise CIO Lays Out Argument for Bitcoin ETF Coming in 2022;CryptoGlobe
Fidelity strategists say more countries will buy Bitcoin;Bitcoinik
Rio de Janeiro mayor to invest 1% of city reserves into Bitcoin;InsideBitcoins
Pope FrancisÉ??s Pontifex Carpet Gift Sold as NFT for Charity Purpose in Afghanistan;Blockchain News
Fidelity Expects More Countries to Acquire Bitcoin Citing É??Very High Stakes Game TheoryÉ??;News.Bitcoin.com
BlockchainInvestments: «¨ber den Bitcoin hinausblicken;Neue Z«¨richer Zeitung (NZZ)
Stacks blockchain emerges as top Web 3 project on Bitcoin;InsideBitcoins
Legendary Boxer Mike Tyson Bullish on Solana ($SOL) After Going É??All InÉ??;CryptoGlobe
Bitcoin (BTC) Price Prediction: BTCUSD Is in a Range Lacks Buyers at Higher Levels;InsideBitcoins
Hong Kong Resumes Discussion on Stablecoin Regulation Offering 5 Options to the Public;Blockchain News
$NEAR Surges to New AllTime High Above $20 After NEAR Foundation Raises $150M;CryptoGlobe
TA: Bitcoin Price Consolidates Why Break above $43.5K Is The Key;NEWSBTC
"Lots and lots of good stuff coming out next year.""Our MD Keith Bowes joined ASXInvest to discuss our Kayelekera project &...";Lotus Resources Limited
EthereumÉ??s Network Revenue Shot up by 1777% Last Annual Year;Blockchain News
Boxing Legend Mike Tyson Says HeÉ??s É??All inÉ?? on Solana Crypto  Asks Fans How High SOL Will Go;News.Bitcoin.com
Microsoft Warns of Cyber Attack on Ukrainian Computer Networks;New York Times (NYT)
XRP Price Eyeing Massive Rally! XRP Better Performing Than BTC Says Analyst;Coinpedia
Custom 1951 Mercury Sells at Auction for $1.95 Million;New York Times (NYT)
Robinhood on Listing More Cryptocurrencies: É??ItÉ??s Important That We Get a Bit More Clarity From RegulatorsÉ??;News.Bitcoin.com
Hong Kong Monetary authority to regulate stablecoins;Hogan Lovells
Bitcoin Aid Reaches Tsunamihit Tonga When Communication Lines Are Down;CryptoPotato
OpenSea Scores ATH of $3.5B in Monthly Ethereum Trading Volume;CryptoPotato
OnChain Data Shows Number of ETH Holders At AllTime High;CryptoPotato
Binance to Establish a Crypto Exchange in Thailand (Report);CryptoPotato
Singapore Urges Local Crypto Companies to Refrain From Promoting Digital Assets: Report;CryptoPotato
SpainÉ??s Regulator Sets New Rules for Cryptocurrency Advertisement;CryptoPotato
SothebyÉ??s to Accept Crypto for a 555Carat Black Diamond (Report);CryptoPotato
BTC Worth $1.1 Million Sent to a Confirmed Michael Saylor Giveaway Scam;CryptoPotato
Phemex Steals the Show as the Metavers Puts a Spotlight on Blockchain;CryptoPotato
What UK employees need to know about income protection insurance;Insurance Business UK
NGOs take UK Government to Court in relation to Net Zero Strategy;Linklaters
European Commission proposes new directive to crack down on environmental crime;Linklaters
Belgian Parliament votes in favour of recognition of crime of ecocide at national and international levels;Linklaters
LCH achieves record clearing volumes in 2021;LCH Group
Top ten challenges for whitecollar crime and investigations lawyers in 2022;Allen & Overy
Article: Corporate Criminal Offence: Top 10 FAQs;BDO
NFTs and BlockchainBased Games on the Rise Despite the Recent Crypto Decline (Report);CryptoPotato
Company Law  A Real Entity Theory;Oxford Business Law School
Crypto Market Forecast: Week of January 17th 2022;Brave NewCoin
Bundesfinanzminister Christian Lindner im Interview mit der Welt am Sonntag;Bundesministerium f«¨r Finanzen (BMF)
REACTEU: É?™382.7 million to help Spain's regions fighting the coronavirus pandemic and supporting a digital and green transition;European Commission (EC)
John C Williams: Reading the recovery;Bank of International Settlements (BIS)
Rekha Chifuwe Mhango: 2021 findings of the private sector foreign investment and investor perception survey;Bank of International Settlements (BIS)
Benjamin E Diokno: Message  73rd Inaugural Meeting of the Management Association of the Philippines;Bank of International Settlements (BIS)
Verordnung des Bundesministers f«¨r Soziales Gesundheit Pflege und Konsumentenschutz betreffend die Festlegung von Pr«œparaten im Sinne des Sterbeverf«¨gungsgesetzes (Sterbeverf«¨gungsPr«œparateV  StVfPr«œpV);Rechtsinformationssystem des Bundes (RIS)
Resoluci«¸n de 27 de diciembre de 2021 de la Universidad de Santiago de Compostela por la que se publica el plan de estudios de M«≠ster Universitario en Tecnolog«as en Marketing y Comunicaci«¸n Pol«tica.;BOE - Bolet«n Oficial del Estado
Cardano IDO LaunchPad É??CoollaunchÉ?ù Records Buzzing Progress as it Sells Out Over 11% Of $COOL Tokens Within Days;ZyCrypto
This Week on Crypto Twitter: NBA Stars Buy Bitcoin Vitalik Welcomes Trolls FWB DAO Ejects a CoFounder;Decrypt
Jack DorseyÉ??s Payments Company Is É??Officially Building an Open Bitcoin Mining SystemÉ??;News.Bitcoin.com
Retail Giant Walmart Plans To Create Its Own Cryptocurrency And Collection of NFTs;ZyCrypto
É??AWS for Web3É?? Pocket Network Shakes Up Infrastructure of the Internet;News.Bitcoin.com
Daily Thread  January 17 2022;UraniumSqueeze - Reddit
Sports NFT Marketplace Lympo Suffers An $18.7 Million Hack;NEWSBTC
Ripple Price Prediction: XRPUSD Must Reclaim $0.80 to Move Higher;InsideBitcoins
Supply Chain Woes Could Worsen as China Imposes Covid Lockdowns;New York Times (NYT)
BitcoinHashrate unbeirrt auf Rekordhoch  Jack Dorsey sorgt f«¨r Euphorie;Cointelegraph Germany
Ethereum Price Prediction: ETHUSD Gets Rejected;
The Ultimate Poloniex Review;CoinStats Blog
According to Max Keiser soon 50% of the worlds energy will be used to mine #Bitcoin the only safe investment. People should pu...;Peter David Schiff
Crypto Loans & Top Crypto Lending Platforms;CoinStats Blog
FinTech Scotland Celebrates 5th Year Showcased Remarkable Growth Since Debut;TheNewsCrypto
Elon Musk And Tesla Reignite Hopes Of Dogecoin Reaching $1 In 2022 As Rumors Of A Starlink Collaboration Swell;ZyCrypto
Kraken Daily Market Report for January 15 2022;Kraken Blog
Joe Rogan Holds High Hopes For The Cryptocurrency Industry;NEWSBTC
É??80% Of The Investments That I Make Are In Or Around Cryptocurrencies.É?ù Asserts Mark Cuban;ZyCrypto
Tezos Price Prediction  How Much Will XTZ Be Worth in 2022?;TheNewsCrypto
$2.5 Billion in NFT Sales This Week Volume Climbs 161% Meebits NFT Sales Surge;News.Bitcoin.com
What is The Sandbox (SAND)?;UseTheBitcoin
Jack Dorseys Block commits to build an open bitcoin mining ecosystem;The Block
Bitcoin Price Prediction: BTCUSD Bears May Run Out as Bulls Focus at $44000;InsideBitcoins
Fantom Heads Towards a Massive Recovery, New ATH Incoming for FTM Price!;Coinpedia
Top 5 Cryptocurrencies of the Week (Week 2);CryptoTicker
The Shark Tank Star , Mark Cuban Includes These Altcoins In His Portfolio !;Coinpedia
Top 5 Altcoins Traders Can Bet On This Year! Analyst Charts Next Level;Coinpedia
XYO (XYO) Price Predictions for 20222030;Crypto Blog by Changelly
$ALGO: SkyBridge Capital Founder Calls Algorand É??The GoogleÉ?? of Crypto;CryptoGlobe
Everything You Need To Know About The Web3.0;CryptoTicker
M&APE Quarterly;Harvard Law School
Climate Diversity and Control: 2022 ISS Proxy Voting Guidelines;Harvard Law School
El SalvadorÉ??s Bitcoin Use Adds To Its Risk Portfolio Says Top Credit Rating Firm;ZyCrypto
Private sector working group on euro riskfree rates publishes recommendations on EURIBOR fallbacks;European Central Bank (ECB)
HereÉ??s Why SOL, LTC, DOGE & MATIC Price Poised For Major Gains;Coinpedia
$ADA: How Cardano Is Being Scaled in 2022;CryptoGlobe
Outbrain Shuns Crypto;TRUSTNODES
Bitcoin is É??a tool for social justiceÉ??: exFed official;CoinJournal
